date,x1,x2,x3,x4,x5
1/1/2015,25.1,23.5,7,215,677
1/2/2015,26.9,25.3,0,210,677
1/3/2015,27.2,25.3,0,172,678
1/4/2015,27.7,25.5,0,195,677
1/5/2015,29,26.3,0,171,678
1/6/2015,29.1,26.5,0,158,679
1/7/2015,28,25.8,0,190,678
1/8/2015,28.5,26.7,2,166,679
1/9/2015,27.1,25,0,223,679
1/10/2015,26,25,0,209,680
1/11/2015,26.2,25.2,0,193,679
1/12/2015,27.5,25.9,0,194,680
1/13/2015,28.1,26.2,0,176,681
1/14/2015,27.7,25.6,0,175,681
1/15/2015,28.3,26,0,153,682
1/16/2015,27.6,25.7,1,170,681
1/17/2015,26.5,25.2,0,207,682
1/18/2015,23.4,22.5,13,319,682
1/19/2015,26.7,24.9,0,194,683
1/20/2015,29.7,27,0,161,684
1/21/2015,30,26.8,0,157,684
1/22/2015,29.1,26.6,0,204,685
1/23/2015,27.4,25.6,0,201,685
1/24/2015,26.9,25.4,0,233,686
1/25/2015,27.5,25.7,0,184,686
1/26/2015,27.3,25.5,0,195,687
1/27/2015,27.6,25.7,0,160,687
1/28/2015,29.2,26.8,0,166,688
1/29/2015,29,26.2,0,170,688
1/30/2015,28.1,26,0,181,689
1/31/2015,27.6,26.3,0,184,690
2/1/2015,27,25.6,0,218,691
2/2/2015,26.5,25.8,0,195,691
2/3/2015,26.4,25.4,0,198,692
2/4/2015,27,25.8,0,186,692
2/5/2015,27.4,25.9,0,176,693
2/6/2015,27.1,25.5,0,169,694
2/7/2015,28.5,26.6,0,157,694
2/8/2015,27.9,25.8,0,180,695
2/9/2015,28.1,26.1,0,178,696
2/10/2015,28,26,0,185,696
2/11/2015,28.1,25.7,1,179,697
2/12/2015,29,26.4,0,167,698
2/13/2015,28.5,26.2,3,169,698
2/14/2015,28.8,26.3,1,179,699
2/15/2015,30.1,27.2,0,161,700
2/16/2015,30,27.3,0,160,700
2/17/2015,29,27.1,0,177,702
2/18/2015,28.7,26.8,0,189,702
2/19/2015,28.1,26.1,0,199,703
2/20/2015,27.4,25.7,0,227,704
2/21/2015,28.2,26.5,0,203,704
2/22/2015,27.7,26.2,0,214,705
2/23/2015,26.9,25.8,0,214,705
2/24/2015,28.7,27,0,171,707
2/25/2015,29.7,27.2,0,153,708
2/26/2015,30.5,28,0,121,708
2/27/2015,30,27.8,0,145,709
2/28/2015,30,27.9,0,147,710
3/1/2015,28.7,27,0,158,711
3/2/2015,28.4,27.2,0,171,711
3/3/2015,28.8,27.2,0,165,713
3/4/2015,29.6,27.6,0,150,714
3/5/2015,29.1,27,2,160,715
3/6/2015,29.7,27.5,1,154,715
3/7/2015,30.2,27.9,0,153,716
3/8/2015,29.6,28,0,150,717
3/9/2015,28.4,27.1,0,152,717
3/10/2015,28.1,26.8,0,172,719
3/11/2015,27,24.8,11,229,720
3/12/2015,29.4,26.9,0,164,720
3/13/2015,29.3,27.2,0,170,721
3/14/2015,29.7,27.5,0,155,722
3/15/2015,30.3,28.1,0,149,722
3/16/2015,28.8,26.8,0,171,723
3/17/2015,28.3,27.2,0,164,724
3/18/2015,27.9,26.7,0,166,725
3/19/2015,29.7,27.8,0,139,726
3/20/2015,30.4,28,2,127,727
3/21/2015,32.3,28.3,3,123,728
3/22/2015,31.6,27.5,6,144,728
3/23/2015,30.7,27.2,4,166,729
3/24/2015,30.3,27.8,1,142,730
3/25/2015,30,27.8,2,157,730
3/26/2015,30.9,28.3,0,135,731
3/27/2015,31,28.7,0,126,733
3/28/2015,31.1,28.8,0,118,734
3/29/2015,30.9,28.8,0,133,734
3/30/2015,31.4,29,0,124,735
3/31/2015,32.3,29.4,0,110,736
4/1/2015,32.8,29,0,120,736
4/2/2015,32.2,29.3,0,113,737
4/3/2015,31.4,28.9,0,114,738
4/4/2015,32,29,0,101,738
4/5/2015,33.4,28.8,1,112,740
4/6/2015,34.5,30.4,0,84,741
4/7/2015,32,29.3,0,107,742
4/8/2015,31.3,29.1,0,113,742
4/9/2015,31.4,29,0,110,743
4/10/2015,31,28.6,0,118,744
4/11/2015,31.5,29,0,111,744
4/12/2015,31.4,29,0,104,745
4/13/2015,32.7,29.3,0,90,746
4/14/2015,32.4,29.3,0,112,747
4/15/2015,32,29.2,0,114,748
4/16/2015,34.1,29.9,0,89,748
4/17/2015,34.3,30.5,0,82,749
4/18/2015,34.4,30.4,0,84,750
4/19/2015,36.1,30.9,0,62,750
4/20/2015,36.2,30.7,0,65,752
4/21/2015,35.1,30,0,75,752
4/22/2015,33.9,30.3,0,70,753
4/23/2015,33.2,30.2,0,89,753
4/24/2015,32.8,29.6,0,94,754
4/25/2015,32.9,29.8,0,101,755
4/26/2015,32.8,29.9,0,95,756
4/27/2015,33.5,30,0,95,757
4/28/2015,33.6,30.2,0,91,757
4/29/2015,35.5,30.7,0,72,758
4/30/2015,35.6,30.4,0,70,759
5/1/2015,35.1,31.2,0,65,759
5/2/2015,35.1,31.1,0,58,760
5/3/2015,35.2,30.5,0,68,760
5/4/2015,35.3,30.5,0,75,761
5/5/2015,35,31,0,69,762
5/6/2015,35.8,31,0,61,763
5/7/2015,35.1,30.1,0,74,763
5/8/2015,35.7,30.8,0,61,763
5/9/2015,34.7,29.9,1,89,765
5/10/2015,35.8,29.7,0,89,765
5/11/2015,36.2,30.2,0,76,766
5/12/2015,36.8,31.1,0,47,767
5/13/2015,35.2,31.2,0,64,767
5/14/2015,34.7,31,0,64,767
5/15/2015,33.8,30.3,0,71,768
5/16/2015,34.9,31.2,0,64,769
5/17/2015,34.7,31,0,66,769
5/18/2015,33.4,30.3,0,77,769
5/19/2015,35.7,30.5,0,65,771
5/20/2015,36.4,30.5,0,62,771
5/21/2015,37.6,30.9,0,54,771
5/22/2015,37,30.5,0,68,772
5/23/2015,37.1,30,0,77,772
5/24/2015,37.6,30.4,1,66,773
5/25/2015,37.6,30.8,0,60,773
5/26/2015,36.8,30.7,1,55,774
5/27/2015,35.3,29.8,1,78,774
5/28/2015,35.2,30,0,65,774
5/29/2015,36.1,30.6,0,65,775
5/30/2015,35.1,29.7,4,88,775
5/31/2015,35.3,30.2,0,63,775
6/1/2015,36.5,31.8,0,49,776
6/2/2015,36.9,31.9,0,42,776
6/3/2015,35.9,30.8,0,58,776
6/4/2015,36,30.6,1,63,777
6/5/2015,35.3,30.7,0,65,777
6/6/2015,36.8,31.4,0,48,777
6/7/2015,36.7,30.8,0,61,778
6/8/2015,36,30.9,0,61,778
6/9/2015,36.7,30.1,0,74,778
6/10/2015,37,30.5,0,59,778
6/11/2015,36.9,30.9,0,55,779
6/12/2015,36.3,31.2,0,55,778
6/13/2015,36.1,31.3,0,50,778
6/14/2015,36.4,31.4,0,49,779
6/15/2015,36.4,31.4,1,55,779
6/16/2015,36,30.8,0,59,779
6/17/2015,36,30.4,6,64,779
6/18/2015,34.7,28.7,2,111,779
6/19/2015,36.1,29.4,2,83,779
6/20/2015,34.5,28.5,7,108,779
6/21/2015,33.3,27.9,5,119,779
6/22/2015,34.2,29.2,0,92,780
6/23/2015,34.2,29.1,5,105,779
6/24/2015,35.6,30,0,80,779
6/25/2015,36.2,30.2,0,72,779
6/26/2015,36.1,29.9,1,82,779
6/27/2015,35.8,29.9,2,72,778
6/28/2015,35.8,29.8,1,72,779
6/29/2015,35.8,29.6,2,82,779
6/30/2015,34.7,29,2,113,779
7/1/2015,36.5,29.9,1,89,779
7/2/2015,36.1,29.5,0,94,778
7/3/2015,35.5,29.5,0,103,778
7/4/2015,35.3,28.8,9,123,777
7/5/2015,30.1,25.5,19,224,777
7/6/2015,27.6,24.5,18,229,777
7/7/2015,33.2,27.6,5,144,777
7/8/2015,31.6,26.4,19,160,776
7/9/2015,30.3,25.8,16,184,776
7/10/2015,31.4,26.6,13,179,776
7/11/2015,32.1,27.5,9,165,775
7/12/2015,34.1,28.6,2,131,775
7/13/2015,34.9,29.3,0,104,775
7/14/2015,35.6,29.8,0,89,775
7/15/2015,36.6,30.1,1,85,774
7/16/2015,34.5,29,2,112,774
7/17/2015,34.2,29.1,1,97,774
7/18/2015,34.9,29.7,0,61,773
7/19/2015,36,30.1,0,66,772
7/20/2015,34.7,29.7,1,80,772
7/21/2015,34.1,30,0,58,771
7/22/2015,32.6,28.2,8,126,771
7/23/2015,32.8,28,2,124,771
7/24/2015,33.9,28.4,1,140,770
7/25/2015,33.4,28,7,114,769
7/26/2015,31.6,27.7,4,126,769
7/27/2015,31.5,27.7,1,132,769
7/28/2015,32.3,28.5,2,98,768
7/29/2015,33,28.6,0,98,767
7/30/2015,32.6,28.6,3,98,767
7/31/2015,33.6,29.7,1,82,766
8/1/2015,32.3,28.7,0,112,766
8/2/2015,33.6,29.2,0,89,765
8/3/2015,34.9,29.8,0,77,764
8/4/2015,34.4,29,2,96,764
8/5/2015,34.4,28.6,1,106,763
8/6/2015,35.3,28.6,2,107,763
8/7/2015,35.1,29.4,1,108,762
8/8/2015,35.3,29.2,1,115,761
8/9/2015,33.1,27.4,10,129,761
8/10/2015,34.2,28,1,132,760
8/11/2015,35,29.1,0,85,760
8/12/2015,34.7,28.1,4,94,758
8/13/2015,35,28.7,2,79,758
8/14/2015,34.6,29.1,2,109,757
8/15/2015,36.9,29.8,1,70,756
8/16/2015,37.1,30.3,0,72,756
8/17/2015,36.2,29.8,1,81,755
8/18/2015,34.8,29,2,100,754
8/19/2015,33.6,28.9,2,96,753
8/20/2015,33.4,28,8,178,753
8/21/2015,32.1,26.7,16,217,752
8/22/2015,32.9,27.1,11,195,751
8/23/2015,31.8,26.9,12,168,751
8/24/2015,32.8,27.1,8,143,750
8/25/2015,33,27.6,1,121,749
8/26/2015,34.4,28.7,0,94,749
8/27/2015,34.1,28.6,2,119,748
8/28/2015,33.6,28.1,3,92,746
8/29/2015,32.6,27.3,12,136,746
8/30/2015,32.8,28,6,125,745
8/31/2015,32.7,28.3,0,123,744
9/1/2015,33.9,29,2,95,744
9/2/2015,35.3,29,0,101,743
9/3/2015,35.6,29.5,2,89,742
9/4/2015,35.5,29.5,1,93,741
9/5/2015,32.8,27.9,2,125,741
9/6/2015,34.7,28.4,3,96,740
9/7/2015,35.5,28.8,0,104,739
9/8/2015,35.1,29,4,84,739
9/9/2015,35.4,28.6,2,109,738
9/10/2015,33.2,27.3,10,143,737
9/11/2015,32.9,27.4,2,133,736
9/12/2015,33.7,28.2,7,108,735
9/13/2015,33.4,27.5,4,136,734
9/14/2015,32.9,27.7,2,132,733
9/15/2015,34.1,28.3,1,109,732
9/16/2015,33.7,28.1,1,134,732
9/17/2015,33.6,27.8,1,117,731
9/18/2015,33.8,28.3,2,114,730
9/19/2015,34.7,29.5,0,67,729
9/20/2015,33.9,28.7,1,93,729
9/21/2015,34,28.4,2,100,728
9/22/2015,34.7,28.4,2,98,727
9/23/2015,34.3,28.1,2,119,726
9/24/2015,35.3,28.7,3,105,725
9/25/2015,35.7,29,1,106,725
9/26/2015,35.8,29.1,2,98,724
9/27/2015,36.2,28.7,4,132,723
9/28/2015,33.6,27.6,4,161,723
9/29/2015,34.5,28.5,1,97,722
9/30/2015,35.6,29.2,3,68,721
10/1/2015,32.9,27.2,14,156,721
10/2/2015,30.5,26.2,19,180,719
10/3/2015,34,29.2,0,86,718
10/4/2015,32,26.9,7,126,717
10/5/2015,33.2,27.9,2,115,717
10/6/2015,34.8,28.6,0,107,716
10/7/2015,34.9,29.1,3,88,715
10/8/2015,35,29,2,93,714
10/9/2015,34.3,28.9,0,92,714
10/10/2015,35.1,29.4,1,97,713
10/11/2015,34.5,29.2,2,94,711
10/12/2015,35.3,28.6,2,91,711
10/13/2015,33.8,28.4,6,128,710
10/14/2015,33.8,28,2,112,710
10/15/2015,33.2,28.9,0,90,709
10/16/2015,32.1,28.2,3,134,708
10/17/2015,34.2,27.7,16,131,707
10/18/2015,34.8,27.8,23,201,706
10/19/2015,35.2,28,10,188,706
10/20/2015,33.4,28.4,0,166,705
10/21/2015,32.7,28.6,0,146,705
10/22/2015,32.9,27.7,0,150,703
10/23/2015,32.2,27.9,0,132,703
10/24/2015,32.1,28.3,0,86,702
10/25/2015,34.1,29.2,0,81,702
10/26/2015,34.3,29.8,0,85,700
10/27/2015,33.7,29.2,0,82,700
10/28/2015,31.9,29,0,99,699
10/29/2015,31.2,28.8,0,98,699
10/30/2015,33,29.2,0,83,697
10/31/2015,32.5,28.9,1,95,697
11/1/2015,32.1,28.1,0,113,697
11/2/2015,32.9,28.7,5,96,695
11/3/2015,33.2,28.9,1,94,695
11/4/2015,34,29.5,0,85,695
11/5/2015,34.1,29.4,2,76,693
11/6/2015,33.9,29.6,0,88,693
11/7/2015,33.7,29.4,0,80,693
11/8/2015,33.7,29.4,0,83,691
11/9/2015,31.7,27.5,5,128,691
11/10/2015,32.9,29,0,92,690
11/11/2015,32.3,29,1,115,690
11/12/2015,33,29,0,101,690
11/13/2015,32.6,29.1,0,97,688
11/14/2015,32.5,29.1,0,89,688
11/15/2015,32.3,28.4,3,105,687
11/16/2015,33.5,29,2,103,687
11/17/2015,33.3,29.5,0,80,686
11/18/2015,32.3,28.1,4,120,686
11/19/2015,32.1,29.2,0,91,685
11/20/2015,31.3,28.5,0,114,685
11/21/2015,31.7,29,0,95,684
11/22/2015,32.6,29,0,92,684
11/23/2015,31.6,28,0,101,683
11/24/2015,31.3,28,2,121,683
11/25/2015,32.4,28.8,0,96,682
11/26/2015,31,28.3,0,109,682
11/27/2015,31.1,28.3,0,114,681
11/28/2015,32.2,28.4,1,118,681
11/29/2015,32.6,28.6,3,109,681
11/30/2015,32.5,28.8,0,108,681
12/1/2015,31.4,27.7,3,130,681
12/2/2015,31.2,28,0,108,679
12/3/2015,30.8,28.3,0,109,679
12/4/2015,31.3,28.7,0,110,679
12/5/2015,31.5,27.4,3,147,679
12/6/2015,33.1,28.7,0,124,678
12/7/2015,33.2,29.2,0,93,678
12/8/2015,32.8,29,0,105,678
12/9/2015,32.8,29.1,1,111,678
12/10/2015,33.8,29.5,0,82,677
12/11/2015,33.2,28.6,0,105,677
12/12/2015,32,28.3,0,120,677
12/13/2015,32.3,28.5,0,104,677
12/14/2015,31.3,27.6,6,133,677
12/15/2015,30.1,25.8,18,223,676
12/16/2015,30.9,26,15,215,677
12/17/2015,27.3,25.5,5,214,676
12/18/2015,28.8,26,7,189,677
12/19/2015,26.6,23.8,17,217,676
12/20/2015,30.4,26.7,1,162,677
12/21/2015,31.2,27.6,0,140,676
12/22/2015,31.1,27.7,1,154,677
12/23/2015,29.9,27.5,0,137,676
12/24/2015,30.6,27.6,0,129,677
12/25/2015,29.9,27.1,0,133,676
12/26/2015,29.1,26.8,0,158,677
12/27/2015,29.2,26.7,0,156,676
12/28/2015,28.2,26.3,0,171,677
12/29/2015,28.8,26.6,0,152,676
12/30/2015,29.5,27.2,0,137,677
12/31/2015,29,26,7,143,678
1/1/2016,30,26.5,9,150,677
1/2/2016,31.4,27.7,0,142,677
1/3/2016,31,27.7,0,141,678
1/4/2016,30.5,27.9,0,121,677
1/5/2016,30,27.4,0,134,678
1/6/2016,29.7,27.1,1,141,679
1/7/2016,30.3,27.7,1,139,678
1/8/2016,30.3,27.4,0,137,679
1/9/2016,30.2,27.1,0,164,679
1/10/2016,30.2,27.6,0,138,680
1/11/2016,31.2,28.3,0,129,679
1/12/2016,31.4,28.4,0,130,680
1/13/2016,30.6,27.9,0,120,681
1/14/2016,31,27.8,0,134,681
1/15/2016,30.7,27.9,0,124,682
1/16/2016,30.7,27.8,0,131,681
1/17/2016,31.1,28.2,0,139,682
1/18/2016,31.2,27.9,0,121,682
1/19/2016,31.8,28.5,1,131,683
1/20/2016,31.1,28.1,1,141,684
1/21/2016,31,28.3,0,139,684
1/22/2016,30.8,27.7,0,136,685
1/23/2016,31.5,28.2,0,125,685
1/24/2016,29.9,27.3,0,133,686
1/25/2016,28.4,27,1,177,686
1/26/2016,28.2,26.5,1,206,687
1/27/2016,28.5,26.7,0,178,687
1/28/2016,30.4,28,0,139,688
1/29/2016,30.5,27.3,0,135,688
1/30/2016,31.7,28,0,107,689
1/31/2016,31.8,28.5,0,130,690
2/1/2016,30.9,28.3,0,121,691
2/2/2016,30.1,28,0,124,691
2/3/2016,30.1,27.4,0,149,692
2/4/2016,31.7,27.9,0,132,692
2/5/2016,32.8,28,0,126,693
2/6/2016,29.2,25.3,13,192,694
2/7/2016,27.7,25.5,0,186,694
2/8/2016,27.3,25.7,0,189,695
2/9/2016,27.9,26,1,190,696
2/10/2016,29.7,27.4,0,153,696
2/11/2016,29.4,27.2,0,163,697
2/12/2016,30,27.5,0,168,698
2/13/2016,29.9,27.9,0,151,698
2/14/2016,30.1,27.7,0,123,699
2/15/2016,29.4,27.3,1,147,700
2/16/2016,29.8,27.5,0,160,700
2/17/2016,29.1,27,0,140,702
2/18/2016,28.9,26.7,1,167,702
2/19/2016,29.6,27.4,0,133,703
2/20/2016,29.7,27.5,0,141,704
2/21/2016,29.9,27.4,0,124,704
2/22/2016,31,28.2,0,139,705
2/23/2016,30.2,28.1,0,123,705
2/24/2016,30,28.1,0,129,707
2/25/2016,29.5,27.6,1,145,708
2/26/2016,28.7,26.2,7,163,708
2/27/2016,29.6,28.1,0,115,709
2/28/2016,29.6,27.1,5,149,710
2/29/2016,30.2,27.5,0,143,711
3/1/2016,29.6,27.4,0,155,711
3/2/2016,28.9,27.1,1,156,711
3/3/2016,30.3,27.7,0,115,713
3/4/2016,30.2,26.8,2,162,714
3/5/2016,32.6,28.4,0,98,715
3/6/2016,33.7,28.7,0,78,715
3/7/2016,34.7,29.9,0,72,716
3/8/2016,33.4,29.7,0,98,717
3/9/2016,33.3,29.6,0,100,717
3/10/2016,34.3,30.1,0,85,719
3/11/2016,32.9,29.1,0,104,720
3/12/2016,32.4,29.1,0,120,720
3/13/2016,31.9,29.1,0,113,721
3/14/2016,31.7,29,0,102,722
3/15/2016,32.1,28.8,0,106,722
3/16/2016,32.8,29.5,0,92,723
3/17/2016,32.4,29.2,0,109,724
3/18/2016,33.1,29.5,0,99,725
3/19/2016,32.6,29.7,0,94,726
3/20/2016,31.9,29.3,0,94,727
3/21/2016,32.1,29.3,0,104,728
3/22/2016,32.7,29.5,0,103,728
3/23/2016,33.1,30.1,0,76,729
3/24/2016,33.5,30.2,0,76,730
3/25/2016,34,30.3,0,72,730
3/26/2016,32.4,29.2,0,111,731
3/27/2016,31,28.3,0,139,733
3/28/2016,30.2,27.8,4,149,734
3/29/2016,30.7,28.2,0,138,734
3/30/2016,32.4,29.2,0,113,735
3/31/2016,33,29.4,0,101,736
4/1/2016,33.8,29.8,0,93,736
4/2/2016,33.3,30,0,92,737
4/3/2016,32.7,29.7,0,93,738
4/4/2016,32.4,29.7,0,91,738
4/5/2016,32.7,29.2,1,104,740
4/6/2016,33.1,29.9,0,97,741
4/7/2016,34.1,30.3,0,83,742
4/8/2016,34,30.3,0,80,742
4/9/2016,33.6,30.2,0,90,743
4/10/2016,33.4,30.5,0,79,744
4/11/2016,34.5,30.7,0,67,744
4/12/2016,35.6,31.2,0,61,745
4/13/2016,36.7,30.5,0,62,746
4/14/2016,37,30.9,0,53,747
4/15/2016,38.8,32,0,41,748
4/16/2016,37.4,31.7,0,54,748
4/17/2016,35.2,31,0,68,749
4/18/2016,35,31,0,64,750
4/19/2016,35,30.9,0,67,750
4/20/2016,34.8,30.9,0,69,752
4/21/2016,34.9,31,0,70,752
4/22/2016,34.9,31,0,65,753
4/23/2016,34.1,30.9,0,61,753
4/24/2016,35.1,31.2,0,63,754
4/25/2016,35.4,31.2,0,61,755
4/26/2016,34.4,30.8,0,71,756
4/27/2016,35,31,0,63,757
4/28/2016,36.9,30.5,2,54,757
4/29/2016,37.3,30.5,0,48,758
4/30/2016,37.9,31.7,0,50,759
5/1/2016,38.3,32,0,41,759
5/2/2016,37.4,32,0,45,760
5/3/2016,37,32,0,47,760
5/4/2016,36,31.7,0,47,761
5/5/2016,35.9,31.3,0,48,762
5/6/2016,36.6,31.7,0,55,763
5/7/2016,35.7,31.4,0,59,763
5/8/2016,36,31.6,0,54,763
5/9/2016,36.6,31.7,0,56,765
5/10/2016,36.4,32,0,50,765
5/11/2016,37.5,31.5,0,51,766
5/12/2016,37,31.3,2,51,767
5/13/2016,35.9,31.6,0,56,767
5/14/2016,35.8,31.3,0,57,767
5/15/2016,36,31.2,0,60,768
5/16/2016,36.3,31.2,1,53,769
5/17/2016,36.5,30.5,3,67,769
5/18/2016,36.8,30.1,4,83,769
5/19/2016,35.7,29.8,3,79,771
5/20/2016,36.1,29.3,5,90,771
5/21/2016,37.3,30.6,2,53,771
5/22/2016,36.8,30.3,0,69,772
5/23/2016,37.6,30.2,0,65,772
5/24/2016,37.4,30.3,2,60,773
5/25/2016,35.3,29.1,7,98,773
5/26/2016,36.2,29.6,1,74,774
5/27/2016,37.3,30.3,1,69,774
5/28/2016,38,30.4,1,60,774
5/29/2016,37.9,29.7,1,68,775
5/30/2016,37.1,30.5,0,59,775
5/31/2016,36.2,29.3,2,82,775
6/1/2016,35.5,28.9,1,103,776
6/2/2016,36.4,29.1,2,73,776
6/3/2016,37.4,29.6,0,71,776
6/4/2016,38.2,30.4,0,60,777
6/5/2016,38.4,31,0,58,777
6/6/2016,35.5,29.5,7,93,777
6/7/2016,34.8,28.8,3,93,778
6/8/2016,36.1,28.7,2,99,778
6/9/2016,36.1,29.1,1,81,778
6/10/2016,37.2,29.5,2,68,778
6/11/2016,38.2,30,1,50,779
6/12/2016,35.2,28.8,1,69,778
6/13/2016,37,29.5,0,71,778
6/14/2016,36.9,30,1,60,779
6/15/2016,37.9,30.3,1,45,779
6/16/2016,37.1,29.9,0,47,779
6/17/2016,36.1,30.2,2,56,779
6/18/2016,36.3,30.6,2,58,779
6/19/2016,36.8,30.7,3,54,779
6/20/2016,37,30.5,1,64,779
6/21/2016,36.3,30.3,0,66,779
6/22/2016,35.3,29.6,0,67,780
6/23/2016,35.8,29.5,5,76,779
6/24/2016,35.6,29.5,2,83,779
6/25/2016,36.3,30.2,0,51,779
6/26/2016,34.9,28.4,7,89,779
6/27/2016,33.2,27.8,4,96,778
6/28/2016,35.6,29.2,1,72,779
6/29/2016,35.1,28.6,6,80,779
6/30/2016,34.2,28.8,4,74,779
7/1/2016,36,30.2,0,43,779
7/2/2016,34.5,29.5,0,75,778
7/3/2016,33.5,27.7,6,85,778
7/4/2016,33.6,28.5,1,75,777
7/5/2016,33.8,27.9,5,95,777
7/6/2016,34,28.3,0,106,777
7/7/2016,32.9,27.4,8,154,777
7/8/2016,29.9,25.5,16,218,776
7/9/2016,30.5,26.1,18,182,776
7/10/2016,32.5,27.4,5,138,776
7/11/2016,32.1,26.9,8,141,775
7/12/2016,35,28.6,2,92,775
7/13/2016,36,29.2,0,95,775
7/14/2016,37.2,29,4,80,775
7/15/2016,37.6,30.3,0,60,774
7/16/2016,37.3,30,0,66,774
7/17/2016,37.3,30.3,0,52,774
7/18/2016,36.4,31,0,57,773
7/19/2016,36.3,30.2,0,63,772
7/20/2016,35.8,30.1,0,76,772
7/21/2016,35.4,30,0,72,771
7/22/2016,33.6,28.4,4,107,771
7/23/2016,32.2,27.9,0,120,771
7/24/2016,33.5,28.4,0,101,770
7/25/2016,35.2,29.1,1,91,769
7/26/2016,37.4,30.6,0,55,769
7/27/2016,37.4,30.4,0,48,769
7/28/2016,36.2,30.5,0,55,768
7/29/2016,36.3,28.8,2,99,767
7/30/2016,36.4,29,1,91,767
7/31/2016,34.8,27.7,8,142,766
8/1/2016,33.5,28,6,100,766
8/2/2016,34.3,28,4,100,765
8/3/2016,35.6,29.2,2,77,764
8/4/2016,36.4,29.4,0,62,764
8/5/2016,35.8,28.7,5,100,763
8/6/2016,34.4,28.6,3,101,763
8/7/2016,33.2,28.1,3,159,762
8/8/2016,30.2,26,19,206,761
8/9/2016,29.5,25.4,19,232,761
8/10/2016,30.3,25.8,23,191,760
8/11/2016,33.2,27.3,13,146,760
8/12/2016,33.2,26.9,17,178,758
8/13/2016,29.9,25.4,20,150,758
8/14/2016,34.3,28.1,5,117,757
8/15/2016,36.9,29.4,6,104,756
8/16/2016,36.8,28.8,6,107,756
8/17/2016,37.1,29.5,2,100,755
8/18/2016,36.6,29.5,1,82,754
8/19/2016,37.7,28.8,8,116,753
8/20/2016,34.9,27.6,6,154,753
8/21/2016,34.5,27.7,2,96,752
8/22/2016,35.3,29.4,2,63,751
8/23/2016,35.1,28.8,3,92,751
8/24/2016,36.5,29,1,108,750
8/25/2016,35.7,27.9,9,148,749
8/26/2016,34.7,27.7,11,156,749
8/27/2016,34.4,27.8,10,149,748
8/28/2016,34.6,27.9,5,129,746
8/29/2016,36.3,28.8,0,109,746
8/30/2016,35.1,28.1,7,136,745
8/31/2016,35.9,29,0,112,744
9/1/2016,36.3,28.9,0,123,744
9/2/2016,36.4,29.2,0,99,743
9/3/2016,37.2,29.2,1,111,742
9/4/2016,33.8,27.3,5,128,741
9/5/2016,35.6,28.5,1,113,741
9/6/2016,36.3,29.5,0,85,740
9/7/2016,35.7,29,1,94,739
9/8/2016,34.8,28.6,2,87,739
9/9/2016,34.8,28.2,3,109,738
9/10/2016,35.9,29.6,4,85,737
9/11/2016,36.4,30,1,72,736
9/12/2016,35.6,28.4,2,105,735
9/13/2016,34.3,28.6,0,119,734
9/14/2016,34,27.5,7,154,733
9/15/2016,34.8,28.1,2,125,732
9/16/2016,35.3,28.6,0,114,732
9/17/2016,35.8,28.7,1,92,731
9/18/2016,36.1,28.9,0,88,730
9/19/2016,35.3,28.2,1,114,729
9/20/2016,33.4,27.5,3,105,729
9/21/2016,35.2,28.5,0,95,728
9/22/2016,35.4,28.7,0,93,727
9/23/2016,34.3,28,3,117,726
9/24/2016,34.8,28.1,2,113,725
9/25/2016,35.9,28.4,2,90,725
9/26/2016,34.8,28.5,1,114,724
9/27/2016,34,27.9,9,147,723
9/28/2016,31.3,26.4,15,156,723
9/29/2016,31,26.2,10,164,722
9/30/2016,33,27.3,3,132,721
10/1/2016,33.9,28.4,0,112,721
10/2/2016,35.6,28.8,0,105,719
10/3/2016,34.8,28,3,143,718
10/4/2016,34,27.2,9,148,717
10/5/2016,31.8,27,1,129,717
10/6/2016,31.9,27,11,138,716
10/7/2016,33.9,28.5,2,112,715
10/8/2016,35.3,28.2,7,118,714
10/9/2016,35.5,28.6,0,93,714
10/10/2016,35.3,28.4,5,104,713
10/11/2016,32.7,27.4,11,140,711
10/12/2016,32.5,27.5,4,132,711
10/13/2016,32.6,27,3,128,710
10/14/2016,33.5,27.8,2,116,710
10/15/2016,35.2,28.2,12,149,709
10/16/2016,33.1,27.2,14,167,708
10/17/2016,35,28,3,116,707
10/18/2016,35.5,29.2,0,76,706
10/19/2016,36.3,29,3,131,706
10/20/2016,35.2,29.1,3,122,705
10/21/2016,36.2,28.8,1,87,705
10/22/2016,36.6,30.2,0,75,703
10/23/2016,36.8,30.3,0,68,703
10/24/2016,35.2,29.7,1,89,702
10/25/2016,33.7,29.8,0,93,702
10/26/2016,33.9,28.5,3,107,700
10/27/2016,34.6,29.2,0,92,700
10/28/2016,34.5,30,0,65,699
10/29/2016,33.9,29.6,1,84,699
10/30/2016,34,29.6,0,75,697
10/31/2016,32.5,28.8,0,93,697
11/1/2016,31.5,27.5,1,135,697
11/2/2016,31.7,26.5,13,158,695
11/3/2016,32.4,27.4,4,124,695
11/4/2016,30.4,25.8,6,156,695
11/5/2016,33.1,28,0,96,693
11/6/2016,33.2,28.1,1,124,693
11/7/2016,31.4,28.2,0,129,693
11/8/2016,30.2,27.8,0,133,691
11/9/2016,29.6,27.5,0,132,691
11/10/2016,29.8,27.2,1,139,690
11/11/2016,30.8,27.1,5,151,690
11/12/2016,32.2,27.9,0,119,690
11/13/2016,31.3,28.1,0,103,688
11/14/2016,32.2,28.6,1,101,688
11/15/2016,30.6,26.2,11,152,687
11/16/2016,33.5,28.2,2,105,687
11/17/2016,34.5,29.1,0,87,686
11/18/2016,34.3,28.9,1,105,686
11/19/2016,33.1,27.5,6,140,685
11/20/2016,34.2,29,0,102,685
11/21/2016,32.8,28.7,0,107,684
11/22/2016,31.1,27.9,2,120,684
11/23/2016,31.7,28.2,0,110,683
11/24/2016,30.4,27.8,0,121,683
11/25/2016,29.4,25.5,16,205,682
11/26/2016,31.8,26.5,13,170,682
11/27/2016,35.4,28.7,0,118,681
11/28/2016,34.7,29.2,0,91,681
11/29/2016,33.4,29,1,104,681
11/30/2016,32.7,28.6,0,108,681
12/1/2016,31.5,27.9,2,128,681
12/2/2016,30.7,26.8,3,135,679
12/3/2016,31.6,27.8,2,110,679
12/4/2016,32.2,28.5,0,107,679
12/5/2016,32.9,27.7,3,122,679
12/6/2016,32.1,28.6,0,115,678
12/7/2016,32,27.8,3,117,678
12/8/2016,31.9,27.7,2,128,678
12/9/2016,32.8,28.4,0,122,678
12/10/2016,33.5,28.6,0,108,677
12/11/2016,32.4,28,1,127,677
12/12/2016,32.3,27.4,5,132,677
12/13/2016,31.7,26.4,11,161,677
12/14/2016,32.9,27.6,0,116,677
12/15/2016,31.2,26.9,1,151,676
12/16/2016,30.2,26.1,4,168,677
12/17/2016,29,26.5,0,165,676
12/18/2016,29.9,26,5,180,677
12/19/2016,30.9,27.7,0,125,676
12/20/2016,31.8,28.2,0,118,677
12/21/2016,31.8,28.3,0,112,676
12/22/2016,30.6,27.8,0,127,677
12/23/2016,30.5,28.3,0,108,676
12/24/2016,31.3,28.6,0,106,677
12/25/2016,30.9,29.2,0,120,676
12/26/2016,31,26.5,9,203,677
12/27/2016,34.5,28.8,0,94,676
12/28/2016,35.1,29.2,0,94,677
12/29/2016,33.2,28.8,0,104,676
12/30/2016,32.4,28.7,0,110,677
12/31/2016,31.1,27.3,2,125,677
1/1/2017,30.4,27.3,1,157,677
1/2/2017,29.2,27.2,0,158,677
1/3/2017,30.3,28.1,0,113,678
1/4/2017,30.3,27.8,0,122,677
1/5/2017,30.1,26.7,4,141,678
1/6/2017,29.5,27.5,0,136,679
1/7/2017,28.9,27,0,161,678
1/8/2017,28.4,26.1,0,156,679
1/9/2017,29,26.9,0,138,679
1/10/2017,29.2,25.8,9,158,680
1/11/2017,29.5,26.3,5,145,679
1/12/2017,30.1,26.8,0,143,680
1/13/2017,31,27.5,0,122,681
1/14/2017,30.6,27.3,0,133,681
1/15/2017,30.3,26.8,0,148,682
1/16/2017,28.5,26.3,0,169,681
1/17/2017,28.3,26.6,0,197,682
1/18/2017,28.6,27.2,0,143,682
1/19/2017,28.7,26.6,0,151,683
1/20/2017,28.3,26.3,0,163,684
1/21/2017,28.7,27.2,0,146,684
1/22/2017,29.3,26.6,4,121,685
1/23/2017,29.7,26.3,4,197,685
1/24/2017,28.1,25.1,7,244,686
1/25/2017,28.1,25.3,4,215,686
1/26/2017,27.7,25.2,1,200,687
1/27/2017,27.4,25.5,0,188,687
1/28/2017,27.4,25.1,1,184,688
1/29/2017,28.7,26.4,0,177,688
1/30/2017,31.1,27.4,0,137,689
1/31/2017,32.4,27.8,4,137,690
2/1/2017,32.8,27.5,5,125,691
2/2/2017,30.1,26.1,10,185,691
2/3/2017,29,26.2,1,177,692
2/4/2017,27.6,25.8,0,189,692
2/5/2017,28.7,26.6,0,166,693
2/6/2017,28.4,26.3,1,169,694
2/7/2017,28.8,27.4,0,153,694
2/8/2017,28.7,26.4,0,172,695
2/9/2017,28.9,26.4,1,162,696
2/10/2017,27.9,26.2,0,190,696
2/11/2017,27.3,25.7,0,210,697
2/12/2017,27,25.4,1,217,698
2/13/2017,25.8,24.2,1,234,698
2/14/2017,24.9,24.3,1,227,699
2/15/2017,26,25.2,0,232,700
2/16/2017,26.8,25.5,0,171,700
2/17/2017,28.1,25.9,0,155,702
2/18/2017,29.4,25.7,4,141,702
2/19/2017,28.7,25.5,2,178,703
2/20/2017,30.6,27.3,0,160,704
2/21/2017,31.1,27.8,0,162,704
2/22/2017,30.5,27.9,0,139,705
2/23/2017,31,28,0,115,705
2/24/2017,31.4,28.3,0,113,707
2/25/2017,30.8,27.9,0,137,708
2/26/2017,31.4,28,0,123,708
2/27/2017,31.1,28.1,0,144,709
2/28/2017,30.6,27.7,0,164,710
3/1/2017,30.1,27.5,0,118,711
3/2/2017,29.3,26.5,2,142,711
3/3/2017,29.8,26.8,0,138,713
3/4/2017,29.1,26.1,4,155,714
3/5/2017,30.1,27.6,0,140,715
3/6/2017,30.1,27.6,1,141,715
3/7/2017,29.3,27.3,0,121,716
3/8/2017,29.7,27.4,0,133,717
3/9/2017,29.4,27.2,0,149,717
3/10/2017,29.8,27.8,0,143,719
3/11/2017,30,27.6,0,120,720
3/12/2017,30.6,28.2,0,118,720
3/13/2017,31.8,28.7,0,104,721
3/14/2017,34,29.4,0,83,722
3/15/2017,31.4,28.2,1,116,722
3/16/2017,30.6,28.2,0,143,723
3/17/2017,30.2,27.9,0,161,724
3/18/2017,29.8,28.1,0,152,725
3/19/2017,29.3,27.4,0,149,726
3/20/2017,29.6,27.7,0,114,727
3/21/2017,30.2,27.6,1,133,728
3/22/2017,34.3,29.2,4,78,728
3/23/2017,35.5,30.3,0,55,729
3/24/2017,35,30.2,0,68,730
3/25/2017,33.8,29.9,0,67,730
3/26/2017,33.2,30,0,85,731
3/27/2017,32.4,28.9,0,99,733
3/28/2017,30.7,28.2,0,133,734
3/29/2017,31.2,28.8,0,118,734
3/30/2017,31.3,28.8,0,105,735
3/31/2017,32,29.2,0,93,736
4/1/2017,32.5,28.5,2,82,736
4/2/2017,31,28.2,2,128,737
4/3/2017,29.3,27.7,0,160,738
4/4/2017,28.8,27.1,0,157,738
4/5/2017,29.7,27.7,0,128,740
4/6/2017,30.6,28,0,119,741
4/7/2017,32.3,29.4,0,89,742
4/8/2017,34.9,29.8,0,98,742
4/9/2017,35.7,30.6,0,74,743
4/10/2017,34.7,30.2,0,79,744
4/11/2017,35.1,30.3,0,70,744
4/12/2017,34.5,30.2,0,67,745
4/13/2017,33.1,30,0,78,746
4/14/2017,32.9,29.8,0,75,747
4/15/2017,33.6,29.9,1,96,748
4/16/2017,32.8,27.9,9,138,748
4/17/2017,35.2,29.5,1,101,749
4/18/2017,36.2,29.8,0,83,750
4/19/2017,36.1,29.6,0,81,750
4/20/2017,37.5,30.3,1,69,752
4/21/2017,37.7,30.6,1,67,752
4/22/2017,35.4,29.5,2,90,753
4/23/2017,36.1,30,1,67,753
4/24/2017,35,30.3,0,73,754
4/25/2017,35.5,30.6,0,68,755
4/26/2017,34.8,30.8,0,52,756
4/27/2017,36.4,30.3,0,60,757
4/28/2017,35.5,30.3,0,78,757
4/29/2017,36.7,30.2,1,58,758
4/30/2017,37,30.1,0,56,759
5/1/2017,36.6,30.6,0,48,759
5/2/2017,37.3,31.4,0,44,760
5/3/2017,36.1,30.5,0,54,760
5/4/2017,36.6,31.1,0,62,761
5/5/2017,35.7,31.2,0,52,762
5/6/2017,35.9,31.2,0,57,763
5/7/2017,36.2,31.3,0,47,763
5/8/2017,34,28.9,3,110,763
5/9/2017,35.3,31.2,0,55,765
5/10/2017,36.6,31.2,0,60,765
5/11/2017,35.1,30.9,0,74,766
5/12/2017,36.3,31.4,0,55,767
5/13/2017,36.5,31.7,0,50,767
5/14/2017,35.6,31,0,60,767
5/15/2017,36.2,31.4,0,51,768
5/16/2017,36.6,30.7,0,59,769
5/17/2017,37.8,29.9,4,64,769
5/18/2017,37.5,30.4,1,42,769
5/19/2017,38.5,30.4,5,53,771
5/20/2017,37.7,30,4,73,771
5/21/2017,37.8,29.8,3,81,771
5/22/2017,37.7,29.8,4,80,772
5/23/2017,37.4,29.2,6,101,772
5/24/2017,38.9,29.4,2,92,773
5/25/2017,37.8,28.7,1,107,773
5/26/2017,36.4,28.4,9,112,774
5/27/2017,36.8,28.9,9,91,774
5/28/2017,37,29.4,1,92,774
5/29/2017,37.5,30.2,1,70,775
5/30/2017,37,29.9,2,92,775
5/31/2017,37.4,30.2,0,73,775
6/1/2017,38.7,30.9,0,53,776
6/2/2017,39.6,30.4,0,67,776
6/3/2017,37.5,29.9,0,80,776
6/4/2017,37.8,30.2,0,72,777
6/5/2017,36.7,29.5,1,85,777
6/6/2017,39.1,30.9,0,59,777
6/7/2017,35.8,29.2,3,93,778
6/8/2017,37.4,30.8,1,65,778
6/9/2017,34.3,28.3,7,109,778
6/10/2017,33.6,27.2,10,142,778
6/11/2017,34.8,27.9,2,102,779
6/12/2017,36.3,30,0,54,778
6/13/2017,38,31.2,0,42,778
6/14/2017,38.1,30.6,1,63,779
6/15/2017,36.8,29.1,1,77,779
6/16/2017,35.3,29.8,0,57,779
6/17/2017,37.1,30.2,1,52,779
6/18/2017,37,30.7,1,36,779
6/19/2017,37.2,30.4,0,49,779
6/20/2017,37.6,29.8,3,58,779
6/21/2017,37.5,29.5,0,54,779
6/22/2017,35.4,28.4,5,78,780
6/23/2017,35.4,28.5,5,86,779
6/24/2017,36.6,29.2,2,54,779
6/25/2017,36.3,29.7,0,62,779
6/26/2017,35.8,30.1,1,66,779
6/27/2017,36.1,28.7,3,75,778
6/28/2017,33.8,28.3,5,97,779
6/29/2017,33.2,27.8,1,111,779
6/30/2017,35,28.8,6,72,779
7/1/2017,36.5,29.8,1,60,779
7/2/2017,34.8,28.5,1,77,778
7/3/2017,33.6,27.6,13,110,778
7/4/2017,33.9,28.2,4,76,777
7/5/2017,34,28.2,5,79,777
7/6/2017,35,29.3,0,51,777
7/7/2017,36.4,30.3,0,48,777
7/8/2017,34.8,28.9,3,65,776
7/9/2017,34.5,29,0,61,776
7/10/2017,36,30,4,64,776
7/11/2017,34.4,28.4,7,92,775
7/12/2017,34.6,28.5,1,74,775
7/13/2017,33.6,28,6,91,775
7/14/2017,33.8,27.9,7,85,775
7/15/2017,33.6,28,8,118,774
7/16/2017,34,28.1,7,120,774
7/17/2017,36.2,30,0,68,774
7/18/2017,35.2,29,2,95,773
7/19/2017,33.1,28.1,5,135,772
7/20/2017,33.1,27.3,8,136,772
7/21/2017,33.8,27.9,4,135,771
7/22/2017,33.8,28.1,4,131,771
7/23/2017,33.5,27.8,1,107,771
7/24/2017,34.5,28.5,1,104,770
7/25/2017,33.5,28.1,3,121,769
7/26/2017,31.2,26.2,20,171,769
7/27/2017,32.6,26.9,14,148,769
7/28/2017,34.5,27.6,17,158,768
7/29/2017,36.3,29.1,5,118,767
7/30/2017,37.7,29.1,3,126,767
7/31/2017,37.8,29.2,0,111,766
8/1/2017,38.8,29.5,0,114,766
8/2/2017,35.8,27.7,13,144,765
8/3/2017,33.2,27.3,6,158,764
8/4/2017,34.1,28.2,1,124,764
8/5/2017,34.7,28.5,0,114,763
8/6/2017,36.9,28.9,1,110,763
8/7/2017,37.2,29.1,0,103,762
8/8/2017,37.5,29.3,1,74,761
8/9/2017,37.2,29.5,0,81,761
8/10/2017,37.2,30,0,80,760
8/11/2017,36.9,30.1,0,81,760
8/12/2017,36.7,29.7,0,66,758
8/13/2017,35.7,29.9,0,79,758
8/14/2017,35.6,29.2,0,95,757
8/15/2017,36.7,30.2,0,69,756
8/16/2017,38.2,30.4,0,61,756
8/17/2017,36.9,31.3,0,57,755
8/18/2017,35.8,29.5,3,80,754
8/19/2017,33.4,27.7,7,131,753
8/20/2017,34.3,28.3,4,128,753
8/21/2017,32.3,26.6,17,185,752
8/22/2017,33,27.2,16,167,751
8/23/2017,33.5,27.9,10,121,751
8/24/2017,34.1,28.2,4,112,750
8/25/2017,34,28.2,4,115,749
8/26/2017,34.7,28.8,3,101,749
8/27/2017,35.2,28.9,5,102,748
8/28/2017,34.5,28.5,3,106,746
8/29/2017,34.2,27.9,1,101,746
8/30/2017,35.9,28.7,2,111,745
8/31/2017,35.1,28.2,6,144,744
9/1/2017,35.1,28.5,6,125,744
9/2/2017,36.6,28.8,2,123,743
9/3/2017,38.2,29.6,0,85,742
9/4/2017,36.8,28.9,4,104,741
9/5/2017,33.2,27.2,7,145,741
9/6/2017,35,28.7,0,106,740
9/7/2017,35.1,29.7,0,79,739
9/8/2017,37.6,31.2,0,52,739
9/9/2017,36.6,30.5,0,58,738
9/10/2017,36.6,29.8,3,70,737
9/11/2017,33.7,27,11,144,736
9/12/2017,30.6,25.9,17,222,735
9/13/2017,36.4,28.8,1,121,734
9/14/2017,35.9,28.4,3,97,733
9/15/2017,37,29.3,1,82,732
9/16/2017,36.2,29.6,1,93,732
9/17/2017,37,29.5,1,91,731
9/18/2017,34.9,28.5,4,93,730
9/19/2017,34.8,28.4,4,110,729
9/20/2017,34.6,28.2,4,113,729
9/21/2017,34.4,28.4,4,105,728
9/22/2017,34.6,28.5,6,114,727
9/23/2017,33.9,28.3,6,124,726
9/24/2017,36.5,30,0,77,725
9/25/2017,36.1,28.5,6,111,725
9/26/2017,34,27.5,12,113,724
9/27/2017,36.4,28.9,0,97,723
9/28/2017,37.5,28.9,6,85,723
9/29/2017,36.4,28.6,0,114,722
9/30/2017,34.8,28,8,121,721
10/1/2017,34.5,27.9,0,110,721
10/2/2017,36,28.2,5,96,719
10/3/2017,33.3,28,5,99,718
10/4/2017,34.6,28.9,1,93,717
10/5/2017,35.1,27.8,7,122,716
10/6/2017,35.2,28.8,1,95,716
10/7/2017,34.9,28,2,105,715
10/8/2017,33.8,27.2,1,123,714
10/9/2017,34,27.3,3,118,714
10/10/2017,32.8,27.2,8,150,713
10/11/2017,34.9,28.1,1,109,711
10/12/2017,38,28.8,2,94,711
10/13/2017,34.7,27.4,15,152,710
10/14/2017,32.7,26.9,18,156,710
10/15/2017,34.8,27.9,8,121,709
10/16/2017,35.4,29,4,95,708
10/17/2017,35.1,28.5,5,111,707
10/18/2017,35,28.8,6,91,706
10/19/2017,32.7,27.6,0,113,706
10/20/2017,34.5,28.3,0,99,705
10/21/2017,36.9,28.5,3,125,705
10/22/2017,36.7,29.2,0,114,703
10/23/2017,34.3,28.7,1,123,703
10/24/2017,32.2,28.6,0,107,702
10/25/2017,31.1,27.4,1,122,702
10/26/2017,33,28.1,0,111,700
10/27/2017,34.2,28.4,1,112,700
10/28/2017,35.1,28.8,2,101,699
10/29/2017,32.8,27.9,4,129,699
10/30/2017,32.9,27.8,5,145,697
10/31/2017,33.1,27.9,6,147,697
11/1/2017,33.5,27.9,6,141,697
11/2/2017,33.1,28,4,135,695
11/3/2017,33.4,27.8,3,143,695
11/4/2017,33.3,28,4,146,695
11/5/2017,31.9,27.7,4,151,693
11/6/2017,31.5,27.6,4,135,693
11/7/2017,30.7,27.2,5,157,693
11/8/2017,30.2,26.7,6,191,691
11/9/2017,31.2,26.2,15,173,691
11/10/2017,33.3,27.3,7,168,690
11/11/2017,35.2,28.5,0,94,690
11/12/2017,34.1,28.6,0,108,690
11/13/2017,34.1,28.8,1,95,688
11/14/2017,36.2,29.2,0,95,688
11/15/2017,35.6,29.6,0,94,687
11/16/2017,34.2,28.5,1,112,687
11/17/2017,34.1,28.2,1,107,686
11/18/2017,35.3,29.3,0,84,686
11/19/2017,35.8,29.2,0,90,685
11/20/2017,35,29.1,0,101,685
11/21/2017,34.6,28.9,2,97,684
11/22/2017,34.2,28.5,1,108,684
11/23/2017,33.6,29.1,0,83,683
11/24/2017,33.3,27.4,8,135,683
11/25/2017,34.2,28.4,9,113,682
11/26/2017,33.9,28.8,2,103,682
11/27/2017,33.2,29.1,0,98,681
11/28/2017,34.1,29.4,0,98,681
11/29/2017,34,29.2,2,97,681
11/30/2017,35.5,28.3,4,119,681
12/1/2017,34.4,28.8,0,95,681
12/2/2017,34.1,28.8,0,106,679
12/3/2017,34.4,28.9,1,97,679
12/4/2017,33.6,28.7,2,98,679
12/5/2017,32.9,28.5,2,110,679
12/6/2017,31.8,28.2,0,120,678
12/7/2017,31.6,27.9,0,123,678
12/8/2017,31.5,27.8,0,124,678
12/9/2017,31.8,27.7,5,117,678
12/10/2017,31.1,27.1,8,132,677
12/11/2017,29.9,26.5,4,176,677
12/12/2017,28.6,26,6,172,677
12/13/2017,28.8,26.1,15,186,677
12/14/2017,28,25.7,8,212,677
12/15/2017,28.5,26.1,5,210,676
12/16/2017,28.4,26.1,8,234,677
12/17/2017,28.8,26.1,1,214,676
12/18/2017,28.6,26,2,206,677
12/19/2017,28.6,26.1,0,191,676
12/20/2017,28.6,26.1,0,184,677
12/21/2017,28.7,26.2,0,202,676
12/22/2017,28.4,26,0,208,677
12/23/2017,27.6,26,0,237,676
12/24/2017,27.1,25.6,0,252,677
12/25/2017,27.2,25.4,0,247,676
12/26/2017,28.1,25.9,0,218,677
12/27/2017,28.2,25.9,4,233,676
12/28/2017,30.8,27.5,0,135,677
12/29/2017,29.4,26.6,0,163,676
12/30/2017,28.3,26.1,0,189,677
12/31/2017,28.4,26.2,0,165,678
1/1/2018,29,26.8,0,155,677
1/2/2018,28.9,26.8,0,175,677
1/3/2018,28.9,26.5,0,170,678
1/4/2018,30.7,27.3,1,141,677
1/5/2018,32.6,28.2,0,128,678
1/6/2018,31.7,28.5,0,134,679
1/7/2018,31.6,27.5,0,114,678
1/8/2018,33.6,28.3,0,88,679
1/9/2018,33.2,28.7,0,86,679
1/10/2018,32.2,28,1,127,680
1/11/2018,29.5,27.2,4,143,677
1/12/2018,27.8,26.5,6,160,677
1/13/2018,27.9,26.5,15,164,677
1/14/2018,27.9,26.1,8,158,677
1/15/2018,29,27.1,5,117,676
1/16/2018,29.6,26.5,8,128,677
1/17/2018,29.6,25.9,1,179,676
1/18/2018,32.4,27.8,2,121,677
1/19/2018,30.1,27.1,0,160,676
1/20/2018,30,27.5,0,116,677
1/21/2018,31.3,27.5,0,124,676
1/22/2018,32.2,27.8,0,119,677
1/23/2018,31.3,27.4,0,139,676
1/24/2018,30.8,26.5,0,158,677
1/25/2018,31.8,28,0,125,676
1/26/2018,32.2,27.9,0,125,677
1/27/2018,29.6,25.4,4,164,676
1/28/2018,29.6,26.2,0,197,677
1/29/2018,30.1,27.2,0,146,676
1/30/2018,30.3,27.1,2,157,689
1/31/2018,29.9,26.4,0,152,690
2/1/2018,30.6,27.2,0,136,691
2/2/2018,30.5,27.4,0,143,691
2/3/2018,28.6,26.3,2,165,692
2/4/2018,28.8,26.5,0,180,692
2/5/2018,28.7,26.1,0,212,693
2/6/2018,27.6,25.8,0,211,694
2/7/2018,28.1,25.8,0,138,694
2/8/2018,27.6,25.2,0,213,695
2/9/2018,28.3,26.1,0,117,696
2/10/2018,30.1,26.8,2,121,696
2/11/2018,32,27.1,3,125,697
2/12/2018,31.3,27.5,0,122,698
2/13/2018,29.7,27.5,0,122,698
2/14/2018,29.2,26.6,0,126,699
2/15/2018,32.7,28.5,0,94,700
2/16/2018,33.7,28.8,0,94,700
2/17/2018,34,29,0,98,702
2/18/2018,32.1,28.5,0,124,702
2/19/2018,31,28.5,0,119,703
2/20/2018,31.8,28.5,0,101,704
2/21/2018,33.3,29,0,109,704
2/22/2018,32.7,29.1,0,106,705
2/23/2018,30.9,28.2,0,128,705
2/24/2018,31,28.7,0,99,707
2/25/2018,31.4,28.4,1,102,708
2/26/2018,32,28.7,0,107,708
2/27/2018,31.8,27.8,2,141,709
2/28/2018,33.7,28.9,0,106,710
3/1/2018,33.9,29.3,0,91,711
3/2/2018,34.8,29.9,0,78,711
3/3/2018,34.4,29.5,0,102,713
3/4/2018,33.9,29.2,0,106,714
3/5/2018,32.8,29.5,0,111,715
3/6/2018,34.2,29.9,0,85,715
3/7/2018,33.5,29.3,1,106,716
3/8/2018,32.6,27.8,2,129,717
3/9/2018,30.4,26.6,3,170,717
3/10/2018,29.6,27,0,167,719
3/11/2018,28.7,26.9,0,161,720
3/12/2018,29,26.9,0,163,720
3/13/2018,30.7,28,0,121,721
3/14/2018,30.2,28,0,136,722
3/15/2018,30.9,28.2,0,123,722
3/16/2018,32.8,29.1,0,102,723
3/17/2018,33.1,29,0,109,724
3/18/2018,32.8,29,0,121,725
3/19/2018,31.7,28.7,0,102,726
3/20/2018,32.8,29.3,0,103,727
3/21/2018,32.6,28.7,1,121,728
3/22/2018,30.7,27,2,169,728
3/23/2018,29.3,27.4,0,175,729
3/24/2018,28.3,27,0,186,730
3/25/2018,28.3,27,0,173,730
3/26/2018,29,27.2,0,156,731
3/27/2018,28.9,26.7,0,166,733
3/28/2018,30.2,27.6,0,116,734
3/29/2018,31.3,28.1,2,126,734
3/30/2018,30.8,27.6,0,135,735
3/31/2018,29.7,26.9,2,169,736
4/1/2018,30.9,28.4,0,131,736
4/2/2018,31.7,28.5,0,107,737
4/3/2018,31.7,28.3,1,119,738
4/4/2018,31.6,28.2,1,133,738
4/5/2018,31.2,28.1,2,144,740
4/6/2018,31.5,28.9,0,118,741
4/7/2018,32.1,29.4,0,109,742
4/8/2018,31.4,28.5,5,129,742
4/9/2018,32.3,28.6,0,116,743
4/10/2018,34.7,29.7,0,93,744
4/11/2018,35,30,0,74,744
4/12/2018,35.8,30.3,0,87,745
4/13/2018,35.4,30.5,0,78,746
4/14/2018,35,30.5,0,81,747
4/15/2018,35.5,30.8,0,72,748
4/16/2018,34.4,30.3,0,77,748
4/17/2018,33.1,30.2,0,87,749
4/18/2018,32.8,29.5,0,104,750
4/19/2018,33.1,29.8,0,97,750
4/20/2018,33.7,30.1,0,86,752
4/21/2018,35.2,30.8,0,68,752
4/22/2018,36.4,30.7,0,69,753
4/23/2018,35.9,30.9,0,73,753
4/24/2018,36.2,31.2,0,64,754
4/25/2018,36,30.9,0,63,755
4/26/2018,35.3,30.8,0,66,756
4/27/2018,35,30.8,0,70,757
4/28/2018,35.4,31.1,0,62,757
4/29/2018,35.8,30.8,0,72,758
4/30/2018,36,31.2,0,66,759
5/1/2018,35.3,30.6,2,59,759
5/2/2018,36.9,31.6,0,60,760
5/3/2018,35.8,31.3,0,57,760
5/4/2018,36.1,31.2,0,61,761
5/5/2018,34.4,28.9,1,118,762
5/6/2018,35.5,30.7,0,73,763
5/7/2018,36.4,31,2,68,763
5/8/2018,36.8,30.2,3,82,763
5/9/2018,36.8,31.3,0,62,765
5/10/2018,35.1,30.7,0,70,765
5/11/2018,35.8,30.6,0,77,766
5/12/2018,36.3,31,0,66,767
5/13/2018,36.7,31.1,0,62,767
5/14/2018,36.6,31.6,0,48,767
5/15/2018,36.9,31,1,62,768
5/16/2018,37.6,31.3,2,56,769
5/17/2018,37,31.6,0,50,769
5/18/2018,37.1,31.7,0,55,769
5/19/2018,36.4,31.2,2,61,771
5/20/2018,36.7,31.5,1,59,771
5/21/2018,37.2,31.5,0,50,771
5/22/2018,36.2,31,3,63,772
5/23/2018,38,32.1,1,38,772
5/24/2018,36.9,31.6,0,52,773
5/25/2018,36.5,30.6,4,70,773
5/26/2018,37.5,31.2,0,61,774
5/27/2018,38.3,32,0,52,774
5/28/2018,39.1,32.5,1,39,774
5/29/2018,37.8,32,1,41,775
5/30/2018,36.6,31.2,0,55,775
5/31/2018,37.6,31.3,1,47,775
6/1/2018,38.4,31.8,0,44,776
6/2/2018,37.3,30.6,1,70,776
6/3/2018,35.2,29.6,1,91,776
6/4/2018,36.7,31.3,0,47,777
6/5/2018,37.7,30.1,5,75,777
6/6/2018,35.3,28.6,4,106,777
6/7/2018,34.3,27.7,12,137,778
6/8/2018,34.2,27.7,10,154,778
6/9/2018,31.1,26,23,194,778
6/10/2018,30,25.6,16,205,778
6/11/2018,30.7,25.9,18,190,779
6/12/2018,30.5,25.8,22,200,778
6/13/2018,31,25.9,22,197,778
6/14/2018,34.9,27.9,11,130,779
6/15/2018,35.6,28.6,2,102,779
6/16/2018,34.6,27.7,7,143,779
6/17/2018,34.7,28.4,4,135,779
6/18/2018,36.3,28.9,1,111,779
6/19/2018,36.9,29.8,0,83,779
6/20/2018,36.9,28.4,5,119,779
6/21/2018,34.1,27.5,6,122,779
6/22/2018,34.4,27.6,4,139,780
6/23/2018,34,28.1,5,112,779
6/24/2018,35.7,28.8,3,92,779
6/25/2018,34.1,27.4,7,139,779
6/26/2018,32.8,26.8,8,150,779
6/27/2018,33.3,27.8,4,123,778
6/28/2018,36.7,28.8,0,107,779
6/29/2018,37,29.2,1,109,779
6/30/2018,38,28.8,3,122,779
7/1/2018,35.5,28,3,149,779
7/2/2018,36.1,28.1,1,146,778
7/3/2018,36.4,28.6,1,132,778
7/4/2018,36.5,28.5,1,121,777
7/5/2018,35.8,28.5,3,124,777
7/6/2018,35.3,28.3,6,111,777
7/7/2018,35.1,27.8,8,121,777
7/8/2018,33.3,27,7,145,776
7/9/2018,33,27,9,136,776
7/10/2018,34,27.3,8,152,776
7/11/2018,34.2,27.5,5,138,775
7/12/2018,33.2,27.2,4,152,775
7/13/2018,32.6,27.2,5,132,775
7/14/2018,34.4,27.9,9,112,775
7/15/2018,33.3,26.8,12,168,774
7/16/2018,32.6,26.6,18,199,774
7/17/2018,29.4,25.3,23,207,774
7/18/2018,34.4,27.5,16,164,773
7/19/2018,33.6,26.9,15,169,772
7/20/2018,33.2,26.9,14,183,772
7/21/2018,35.6,27.9,12,173,771
7/22/2018,30.4,25.7,22,220,771
7/23/2018,31.6,26.3,15,192,771
7/24/2018,33,26.8,9,154,770
7/25/2018,33.8,27.2,1,163,769
7/26/2018,32.8,26.8,9,139,769
7/27/2018,31.4,26.2,13,154,769
7/28/2018,33.7,27,11,127,768
7/29/2018,34.9,27.6,3,148,767
7/30/2018,36.7,28.2,1,134,767
7/31/2018,36.5,28.5,1,125,766
8/1/2018,35.6,28.8,1,118,766
8/2/2018,33.9,27.8,4,150,765
8/3/2018,32.3,27.7,0,150,764
8/4/2018,32.8,27.5,8,129,764
8/5/2018,34.2,27.8,11,107,763
8/6/2018,34.1,27.8,6,119,763
8/7/2018,33.9,27.8,0,114,762
8/8/2018,33.3,28,4,117,761
8/9/2018,33.7,28,10,138,761
8/10/2018,34.5,27.5,16,139,760
8/11/2018,32.1,26.5,18,197,760
8/12/2018,32.9,26.8,19,218,758
8/13/2018,33.3,27.3,13,185,758
8/14/2018,33.5,27.5,7,169,757
8/15/2018,36.1,28.9,2,129,756
8/16/2018,36.2,28.2,5,133,756
8/17/2018,34.8,27.6,11,148,755
8/18/2018,31.7,26.3,14,191,754
8/19/2018,33,27,0,170,753
8/20/2018,34.1,27.7,6,162,753
8/21/2018,35.3,28.1,8,150,752
8/22/2018,36.2,28.7,0,127,751
8/23/2018,35.9,28.8,2,119,751
8/24/2018,37.2,28.9,1,139,750
8/25/2018,37.5,28.9,3,142,749
8/26/2018,35.9,28.6,1,120,749
8/27/2018,35.7,29,0,95,748
8/28/2018,35,29,0,104,746
8/29/2018,34,29.3,0,74,746
8/30/2018,34,28.7,4,84,745
8/31/2018,34.5,27.6,7,118,744
9/1/2018,33.8,27.2,5,146,744
9/2/2018,35.7,28,4,126,743
9/3/2018,33,27.2,5,163,742
9/4/2018,33.4,27.2,0,162,741
9/5/2018,34.2,27.6,1,129,741
9/6/2018,32.5,27,12,142,740
9/7/2018,31.9,26.6,8,163,739
9/8/2018,35.3,28,3,137,739
9/9/2018,37.3,28.8,0,104,738
9/10/2018,36.5,28.5,7,105,737
9/11/2018,34.6,27.7,0,131,736
9/12/2018,34.9,28,2,123,735
9/13/2018,35.6,28.2,3,108,734
9/14/2018,36,28,12,156,733
9/15/2018,32.8,26.8,14,217,732
9/16/2018,33.8,27.5,8,130,732
9/17/2018,34.6,27.9,2,95,731
9/18/2018,34,29,1,97,730
9/19/2018,34,28.1,4,105,729
9/20/2018,35.1,28.5,6,114,729
9/21/2018,32.3,27.5,6,136,728
9/22/2018,35,29,2,93,727
9/23/2018,34.8,29.1,0,88,726
9/24/2018,35.1,28.9,1,92,725
9/25/2018,36.2,29.1,1,116,725
9/26/2018,35.6,28.5,4,134,724
9/27/2018,35.7,28.5,0,106,723
9/28/2018,37.1,28.8,1,109,723
9/29/2018,36.5,28.8,0,107,722
9/30/2018,36.4,28.7,1,106,721
10/1/2018,35,29,0,100,721
10/2/2018,32.7,27,6,141,719
10/3/2018,33.8,28.3,2,96,718
10/4/2018,33.6,27.7,2,125,717
10/5/2018,32.8,28.2,0,125,717
10/6/2018,33.8,28.5,0,95,716
10/7/2018,35.4,29.3,0,75,715
10/8/2018,35.4,29.6,4,84,714
10/9/2018,34.7,29.6,1,82,714
10/10/2018,34.9,29.8,1,80,713
10/11/2018,35.4,29.8,0,70,711
10/12/2018,36.1,30,0,86,711
10/13/2018,35.6,30.2,0,76,710
10/14/2018,36.1,29.1,6,102,710
10/15/2018,34.8,28,6,106,709
10/16/2018,34.6,28.7,3,77,708
10/17/2018,36.1,28.7,3,86,707
10/18/2018,35.1,29.6,0,92,706
10/19/2018,33.6,29.5,0,90,706
10/20/2018,34.6,29.1,4,83,705
10/21/2018,33.8,28.6,7,114,705
10/22/2018,33.8,29.2,0,88,703
10/23/2018,32.7,28.9,0,109,703
10/24/2018,32.4,28.4,2,119,702
10/25/2018,33.1,29.2,0,83,702
10/26/2018,33.1,29.3,0,76,700
10/27/2018,32.4,28.9,1,100,700
10/28/2018,33,28.6,5,107,699
10/29/2018,28.9,27.1,0,174,699
10/30/2018,31.2,26.4,0,191,697
10/31/2018,35.3,29.1,2,107,697
11/1/2018,34.9,29.9,0,88,697
11/2/2018,35.1,30,0,88,695
11/3/2018,34.9,29.5,0,75,695
11/4/2018,34.3,29.9,0,78,695
11/5/2018,32.5,29.5,1,94,693
11/6/2018,33.4,29.3,0,90,693
11/7/2018,33.5,28.5,3,107,693
11/8/2018,31.7,28.8,0,103,691
11/9/2018,31.4,27.5,4,140,691
11/10/2018,31.3,28.2,1,122,690
11/11/2018,31.5,28.5,0,94,690
11/12/2018,31.9,28.6,0,103,690
11/13/2018,32.6,28.6,0,120,688
11/14/2018,32.2,28.9,0,116,688
11/15/2018,32.4,29,1,102,687
11/16/2018,32.6,28.9,0,116,687
11/17/2018,31.4,28.7,1,117,686
11/18/2018,31.5,28.1,2,105,686
11/19/2018,30.1,27.6,0,133,685
11/20/2018,31,28.4,0,128,685
11/21/2018,30.6,27.2,6,140,684
11/22/2018,33.3,27.9,1,113,684
11/23/2018,32.9,28.3,3,100,683
11/24/2018,31.5,28,0,122,683
11/25/2018,31.3,27.8,2,140,682
11/26/2018,31.1,28.2,0,111,682
11/27/2018,31.3,28.2,0,131,681
11/28/2018,31.7,27.9,1,119,681
11/29/2018,32.1,28.5,0,111,681
11/30/2018,30.8,27.9,0,121,681
12/1/2018,31.1,28.4,0,104,681
12/2/2018,31.2,28.1,0,112,679
12/3/2018,31.8,29,0,107,679
12/4/2018,32.7,28.1,2,128,679
12/5/2018,33.9,28.5,2,97,679
12/6/2018,33.2,29.1,0,98,678
12/7/2018,32.2,28.8,4,99,678
12/8/2018,32.2,29,0,100,678
12/9/2018,31.5,28.3,0,120,678
12/10/2018,31.4,28.4,0,121,677
12/11/2018,32.6,28.4,0,98,677
12/12/2018,31.5,28.9,0,111,677
12/13/2018,31.3,27.3,5,142,677
12/14/2018,30.1,25.7,12,180,677
12/15/2018,30.9,27.3,4,146,676
12/16/2018,31,27.4,0,111,677
12/17/2018,30.4,27.2,0,138,676
12/18/2018,30.1,27.5,0,141,677
12/19/2018,30.2,27.5,0,148,676
12/20/2018,29.3,26.9,0,151,677
12/21/2018,31.2,27.3,1,134,676
12/22/2018,31.1,27.2,3,137,677
12/23/2018,28.5,25.1,14,154,676
12/24/2018,28.5,25.6,10,155,677
12/25/2018,31.6,27.7,0,114,676
12/26/2018,31.7,27.8,0,123,677
12/27/2018,30.9,27.5,1,108,676
12/28/2018,28.9,25.7,16,160,677
12/29/2018,26.6,24.4,19,226,676
12/30/2018,27.2,24.8,11,198,677
12/31/2018,27,24.2,18,179,678
1/1/2019,29,26,10,177,677
1/2/2019,30.4,27.2,4,162,677
1/3/2019,30.8,27.6,0,144,678
1/4/2019,30.1,27.6,0,163,677
1/5/2019,30.1,27.6,1,146,678
1/6/2019,29.9,27.4,0,144,679
1/7/2019,29,27,0,160,678
1/8/2019,29.6,27.5,0,133,679
1/9/2019,30.2,27.8,0,131,679
1/10/2019,29.9,27.5,0,134,680
1/11/2019,30.4,27.7,1,139,679
1/12/2019,30.6,27.9,2,113,680
1/13/2019,29.9,27.3,3,146,681
1/14/2019,29.8,27.8,0,149,681
1/15/2019,29.2,27.4,0,159,682
1/16/2019,29.5,27.5,2,154,681
1/17/2019,28.8,27,0,149,682
1/18/2019,28.8,27,0,168,682
1/19/2019,29.5,27.5,0,141,683
1/20/2019,29.9,27.6,0,129,684
1/21/2019,29.4,27.3,0,116,684
1/22/2019,29.8,27.5,2,132,685
1/23/2019,29.2,27,0,151,685
1/24/2019,30,27.4,0,139,686
1/25/2019,29.3,26.9,2,181,686
1/26/2019,27.7,25.7,2,215,687
1/27/2019,27.1,25.5,0,229,687
1/28/2019,26.8,25.1,0,223,688
1/29/2019,27,25.3,0,216,688
1/30/2019,27.9,26.2,0,191,689
1/31/2019,28.1,25.9,0,200,690
2/1/2019,27.7,25.8,1,215,691
2/2/2019,28.5,26.6,0,192,691
2/3/2019,28.7,26.5,1,170,692
2/4/2019,29,26.6,2,197,692
2/5/2019,28.6,26.6,0,189,693
2/6/2019,28.8,26.7,0,177,694
2/7/2019,28.7,26.9,0,170,694
2/8/2019,29.1,27,0,162,695
2/9/2019,29.5,27.3,0,157,696
2/10/2019,29.8,27,1,166,696
2/11/2019,29.9,27.9,0,154,697
2/12/2019,29,27.3,0,176,698
2/13/2019,28.5,26,6,192,698
2/14/2019,28.6,27,0,145,699
2/15/2019,28.4,26.8,0,180,700
2/16/2019,28.9,27,0,182,700
2/17/2019,29.1,27,0,177,702
2/18/2019,29.1,27.3,0,178,702
2/19/2019,29.1,27.2,0,181,703
2/20/2019,29,27.6,0,156,704
2/21/2019,28.7,27.4,0,153,704
2/22/2019,29,27,0,156,705
2/23/2019,29.4,27.5,0,151,705
2/24/2019,28.6,26.8,0,168,707
2/25/2019,29.2,27.4,0,151,708
2/26/2019,28.7,26.7,0,189,708
2/27/2019,28.5,26.9,0,199,709
2/28/2019,29.2,27,1,176,710
3/1/2019,29.2,27.2,0,160,711
3/2/2019,28.5,27.1,0,168,711
3/3/2019,29.6,27.4,0,149,713
3/4/2019,31,28.5,0,127,714
3/5/2019,30.6,28,0,146,715
3/6/2019,30.8,28.3,0,128,715
3/7/2019,31,28.3,0,141,716
3/8/2019,30.7,28.4,0,137,717
3/9/2019,30.1,28.2,0,145,717
3/10/2019,29.6,27.5,0,128,719
3/11/2019,30.7,28.1,0,116,720
3/12/2019,32.1,28.8,0,123,720
3/13/2019,31.6,29.2,0,115,721
3/14/2019,31.4,29.2,0,120,722
3/15/2019,31.3,28.6,0,119,722
3/16/2019,30.8,28.5,2,132,723
3/17/2019,30.8,28.4,1,136,724
3/18/2019,31.1,28.7,4,127,725
3/19/2019,31.4,28.9,0,112,726
3/20/2019,31.4,29,0,126,727
3/21/2019,31.6,29.2,0,122,728
3/22/2019,31.6,29,0,122,728
3/23/2019,31.2,28.8,0,127,729
3/24/2019,30.2,28.5,0,138,730
3/25/2019,30.5,28.7,0,134,730
3/26/2019,30.8,28.9,0,124,731
3/27/2019,31.9,29.5,0,117,733
3/28/2019,32.6,29.3,0,94,734
3/29/2019,32.7,29.5,0,100,734
3/30/2019,32.2,29,0,125,735
3/31/2019,31.4,29.1,0,120,736
4/1/2019,32.1,29,0,128,736
4/2/2019,31.7,29.3,0,123,737
4/3/2019,32,29.4,0,112,738
4/4/2019,32.3,29.7,0,101,738
4/5/2019,33.8,30.2,0,91,740
4/6/2019,34.7,30.7,0,79,741
4/7/2019,34.8,30.4,0,82,742
4/8/2019,34.8,30.8,0,77,742
4/9/2019,35,30.1,4,83,743
4/10/2019,36,30.9,0,77,744
4/11/2019,34.5,30.2,0,81,744
4/12/2019,36.4,30.7,3,69,745
4/13/2019,36,31,0,73,746
4/14/2019,35.2,31.2,0,68,747
4/15/2019,34.5,30.7,0,79,748
4/16/2019,35.1,31.2,0,65,748
4/17/2019,36.1,30.9,0,72,749
4/18/2019,37.3,31,3,64,750
4/19/2019,36.1,31.3,0,65,750
4/20/2019,34.6,30.8,0,73,752
4/21/2019,35,31,0,72,752
4/22/2019,35.4,31.1,0,68,753
4/23/2019,33.6,30.6,0,81,753
4/24/2019,35,31,0,75,754
4/25/2019,34,31,0,84,755
4/26/2019,34,30.3,0,84,756
4/27/2019,33.5,30.1,0,100,757
4/28/2019,33.9,30.2,0,89,757
4/29/2019,34.3,30.5,0,81,758
4/30/2019,34.4,30.7,0,78,759
5/1/2019,36.4,30.7,0,77,759
5/2/2019,37,30.8,2,64,760
5/3/2019,36.2,30.5,0,80,760
5/4/2019,36.2,30.8,0,62,761
5/5/2019,36.3,30.5,1,76,762
5/6/2019,34.4,29,2,129,763
5/7/2019,33.9,28.7,0,127,763
5/8/2019,34.9,29.2,0,98,763
5/9/2019,34.7,29.5,3,84,765
5/10/2019,34.9,29.5,3,107,765
5/11/2019,35,29.5,0,93,766
5/12/2019,34.3,28.9,4,93,767
5/13/2019,37.1,30.5,1,71,767
5/14/2019,37.1,31.1,0,58,767
5/15/2019,37.5,30.6,2,67,768
5/16/2019,37.4,31.4,0,56,769
5/17/2019,36.6,30.2,3,75,769
5/18/2019,37,30.3,2,80,769
5/19/2019,38.5,31,0,57,771
5/20/2019,38.6,31.2,0,50,771
5/21/2019,36.9,30.4,6,77,771
5/22/2019,35.6,30,3,75,772
5/23/2019,36.5,30.1,0,67,772
5/24/2019,36.6,30.5,0,66,773
5/25/2019,35.4,30.1,4,70,773
5/26/2019,34.3,29,7,97,774
5/27/2019,33.5,28.8,4,109,774
5/28/2019,36.2,30.7,1,64,774
5/29/2019,35.5,30.3,1,69,775
5/30/2019,36.6,31.1,0,55,775
5/31/2019,37.9,31.8,0,45,775
6/1/2019,38.4,31.8,0,46,776
6/2/2019,38,32,0,42,776
6/3/2019,38,32,2,43,776
6/4/2019,38.3,31.9,0,47,777
6/5/2019,37.8,31.4,0,46,777
6/6/2019,37.9,31.8,0,59,777
6/7/2019,37.6,31.2,0,62,778
6/8/2019,37.5,31.6,1,58,778
6/9/2019,38,31.2,4,54,778
6/10/2019,35.8,29.5,3,75,778
6/11/2019,37.3,30.7,1,70,779
6/12/2019,36.4,30.3,1,72,778
6/13/2019,38.1,30.9,2,56,778
6/14/2019,35.8,29.7,2,98,779
6/15/2019,34.8,29.3,0,105,779
6/16/2019,36.6,30.3,0,71,779
6/17/2019,36.9,30.4,0,66,779
6/18/2019,38.4,31.7,8,33,779
6/19/2019,37.6,31.5,0,49,779
6/20/2019,37.1,31.2,3,64,779
6/21/2019,38.3,31.4,1,43,779
6/22/2019,38.2,31,0,59,780
6/23/2019,38.5,30.9,0,52,779
6/24/2019,35.5,29.5,2,94,779
6/25/2019,34.7,28.9,6,107,779
6/26/2019,34.3,29,2,102,779
6/27/2019,31.6,27.5,7,158,778
6/28/2019,32.2,27.8,6,139,779
6/29/2019,31.2,27,12,172,779
6/30/2019,33.5,28.5,5,123,779
7/1/2019,31.1,26.7,14,165,779
7/2/2019,32.2,28,2,130,778
7/3/2019,35.4,30.4,0,76,778
7/4/2019,35.7,30.5,0,78,777
7/5/2019,36.2,30.2,0,71,777
7/6/2019,34.4,29.5,2,85,777
7/7/2019,34.9,29.4,0,74,777
7/8/2019,35.8,29.9,1,80,776
7/9/2019,35.7,29.8,0,80,776
7/10/2019,36.4,30.3,0,75,776
7/11/2019,35.9,30.1,0,83,775
7/12/2019,35.7,30,0,70,775
7/13/2019,35.2,29.5,1,88,775
7/14/2019,34.1,28.9,2,99,775
7/15/2019,32,27.6,9,128,774
7/16/2019,31.7,27.2,13,173,774
7/17/2019,30.6,26.6,15,209,774
7/18/2019,32.3,27.3,15,179,773
7/19/2019,34.4,29.1,2,115,772
7/20/2019,35.5,29.6,0,91,772
7/21/2019,35.2,29.3,0,99,771
7/22/2019,34,28.7,0,106,771
7/23/2019,34.3,28.6,6,120,771
7/24/2019,34.2,28.8,1,111,770
7/25/2019,34.1,29,1,110,769
7/26/2019,33.5,28.8,0,122,769
7/27/2019,33.3,28.4,6,102,769
7/28/2019,31.2,27,7,135,768
7/29/2019,32.5,28.4,5,104,767
7/30/2019,31.3,27.2,9,153,767
7/31/2019,31.9,27.9,2,135,766
8/1/2019,32.9,28.2,4,113,766
8/2/2019,29.9,25.6,22,214,765
8/3/2019,28.7,25.2,16,219,764
8/4/2019,31.1,26.9,11,167,764
8/5/2019,32.1,27.7,8,154,763
8/6/2019,33.7,28,5,143,763
8/7/2019,31.6,27,12,170,762
8/8/2019,31.6,27,9,190,761
8/9/2019,31.8,26.8,17,202,761
8/10/2019,33.2,28.4,5,146,760
8/11/2019,34,29,3,138,760
8/12/2019,34.6,29,2,142,758
8/13/2019,34.6,29,3,138,758
8/14/2019,35.3,29.4,1,116,757
8/15/2019,34.3,28.9,0,120,756
8/16/2019,35,29.2,0,110,756
8/17/2019,35.2,29.1,1,116,755
8/18/2019,36.2,29.5,0,112,754
8/19/2019,36.2,29.5,1,105,753
8/20/2019,36.4,29.7,0,106,753
8/21/2019,32.7,27.8,8,164,752
8/22/2019,31.6,27.5,2,174,751
8/23/2019,31.1,27.1,5,206,751
8/24/2019,31.4,27,8,170,750
8/25/2019,30.5,26.4,12,147,749
8/26/2019,32.3,27.4,5,142,749
8/27/2019,30.8,26.8,9,157,748
8/28/2019,32.7,28.2,2,124,746
8/29/2019,32,27.7,4,129,746
8/30/2019,31.7,27.3,6,170,745
8/31/2019,30.6,26.9,10,169,744
9/1/2019,31,27,5,138,744
9/2/2019,31.3,27.3,4,155,743
9/3/2019,30.3,26.6,12,169,742
9/4/2019,33.7,29,0,105,741
9/5/2019,34.2,29.3,0,114,741
9/6/2019,35.1,29.7,1,99,740
9/7/2019,33.6,28.7,1,130,739
9/8/2019,33.8,28.4,4,126,739
9/9/2019,31.8,27.2,9,161,738
9/10/2019,30,26.6,12,178,737
9/11/2019,30.9,27,0,163,736
9/12/2019,30.1,26.3,11,165,735
9/13/2019,32.2,27.7,1,126,734
9/14/2019,31.9,27.4,8,131,733
9/15/2019,30.8,26.8,15,172,732
9/16/2019,29.7,25.9,18,189,732
9/17/2019,31,27,8,165,731
9/18/2019,31,27.1,8,178,730
9/19/2019,30.7,26.5,18,208,729
9/20/2019,30.3,26.5,7,190,729
9/21/2019,30.4,26.8,12,185,728
9/22/2019,32.6,27.9,0,126,727
9/23/2019,34.5,29,0,92,726
9/24/2019,34.2,29,3,90,725
9/25/2019,33.3,29,0,96,725
9/26/2019,34,29.1,1,93,724
9/27/2019,35.3,29.5,3,82,723
9/28/2019,35.4,29.7,0,81,723
9/29/2019,35.1,29,4,118,722
9/30/2019,34,28.5,2,129,721
10/1/2019,34.6,29,1,106,721
10/2/2019,31.8,27.2,7,139,719
10/3/2019,30.5,27.6,0,136,718
10/4/2019,31.7,27.8,2,120,717
10/5/2019,32.8,28.3,1,113,717
10/6/2019,34.2,29.3,3,90,716
10/7/2019,33.7,30,0,75,715
10/8/2019,32.8,29.2,2,96,714
10/9/2019,34,29.5,0,85,714
10/10/2019,33.2,29,0,97,713
10/11/2019,33.2,28.6,2,112,711
10/12/2019,32.7,28.6,2,107,711
10/13/2019,32.5,29.1,0,103,710
10/14/2019,32.8,29.4,0,94,710
10/15/2019,32,28.9,0,100,709
10/16/2019,32.8,29,0,101,708
10/17/2019,33.4,29.5,0,86,707
10/18/2019,34.3,29.6,0,87,706
10/19/2019,34.3,29.2,2,89,706
10/20/2019,34,29.3,1,96,705
10/21/2019,34,29.4,2,88,705
10/22/2019,34,29.9,0,83,703
10/23/2019,34.5,30.2,1,69,703
10/24/2019,34.4,29.9,1,71,702
10/25/2019,34.1,29.8,0,82,702
10/26/2019,33.2,29.4,2,91,700
10/27/2019,33.1,29.4,1,90,700
10/28/2019,32.4,28,3,126,699
10/29/2019,33.6,28.9,0,101,699
10/30/2019,33.3,28.7,1,95,697
10/31/2019,32.3,28,5,120,697
11/1/2019,31.2,26.9,7,137,697
11/2/2019,33.1,28.2,6,107,695
11/3/2019,34.2,29.1,0,100,695
11/4/2019,34.1,28.8,1,105,695
11/5/2019,34.4,29.1,3,89,693
11/6/2019,31.2,26.8,9,154,693
11/7/2019,31.6,27.6,3,130,693
11/8/2019,32.8,28.4,0,121,691
11/9/2019,33.3,28.7,0,103,691
11/10/2019,32.4,28.2,0,119,690
11/11/2019,32.4,28.4,0,122,690
11/12/2019,31.4,27.6,2,133,690
11/13/2019,30,27.7,0,122,688
11/14/2019,31.2,27.9,0,126,688
11/15/2019,32.3,28.1,0,123,687
11/16/2019,33.5,28.5,0,95,687
11/17/2019,33.2,28.2,2,117,686
11/18/2019,34.4,28.9,0,111,686
11/19/2019,34.3,29.3,0,91,685
11/20/2019,33.5,28.8,0,107,685
11/21/2019,32.7,28,1,124,684
11/22/2019,31.4,27.4,3,136,684
11/23/2019,32.4,28.1,1,109,683
11/24/2019,32.9,28.4,2,104,683
11/25/2019,31.8,28.2,0,115,682
11/26/2019,31.9,28.4,2,108,682
11/27/2019,32.2,28.1,0,112,681
11/28/2019,32,28.7,2,101,681
11/29/2019,30.8,28,0,124,681
11/30/2019,29.1,27.5,1,133,681
12/1/2019,29.7,27.8,0,141,681
12/2/2019,30.4,27.5,0,173,679
12/3/2019,28.3,25.8,14,245,679
12/4/2019,33.4,28.9,0,126,679
12/5/2019,32.6,28,0,114,679
12/6/2019,32.1,27.8,1,129,678
12/7/2019,32,28.1,0,144,678
12/8/2019,30.2,27.7,0,126,678
12/9/2019,29.4,27.2,0,144,678
12/10/2019,29.8,27.1,0,143,677
12/11/2019,31,27.8,0,129,677
12/12/2019,31,27.9,0,119,677
12/13/2019,31.5,28.1,1,113,677
12/14/2019,31.7,28.1,1,123,677
12/15/2019,32.6,28.8,3,102,676
12/16/2019,33,29.2,1,94,677
12/17/2019,31.8,28.7,0,104,676
12/18/2019,31,28.5,0,95,677
12/19/2019,31.7,28.2,0,111,676
12/20/2019,31.7,28.4,0,113,677
12/21/2019,31.8,28.1,2,122,676
12/22/2019,31.5,28.4,0,118,677
12/23/2019,30.3,27.2,1,144,676
12/24/2019,30.1,27.9,0,124,677
12/25/2019,29.8,26.8,7,161,676
12/26/2019,32.6,28,1,128,677
12/27/2019,32.6,28.5,0,103,676
12/28/2019,32.4,28.5,0,123,677
12/29/2019,30.8,28,0,133,676
12/30/2019,31.4,28.2,0,109,677
12/31/2019,30.6,27.7,1,134,678
1/1/2020,30.3,27.1,6,140,677
1/2/2020,30.9,28,4,117,677
1/3/2020,29.6,27.7,0,133,678
1/4/2020,29.4,27.2,1,160,677
1/5/2020,29.8,27.4,0,161,678
1/6/2020,30.8,28.5,0,130,679
1/7/2020,30.3,27.5,2,136,678
1/8/2020,30.1,27.1,0,162,679
1/9/2020,29.9,27.4,0,138,679
1/10/2020,29.6,26.9,1,149,680
1/11/2020,30.4,27.6,0,133,679
1/12/2020,30.2,27.3,6,134,680
1/13/2020,29.9,26.7,4,159,681
1/14/2020,30,27.1,1,144,681
1/15/2020,29.8,27.2,0,143,682
1/16/2020,30.8,28,0,121,681
1/17/2020,31.8,28.1,0,117,682
1/18/2020,31.4,27.7,3,140,682
1/19/2020,30.3,27.4,0,139,683
1/20/2020,29.4,26.9,0,153,684
1/21/2020,29.1,27.1,0,170,684
1/22/2020,28.8,27,0,174,685
1/23/2020,29.1,27.4,0,162,685
1/24/2020,29.2,26.2,5,164,686
1/25/2020,30.1,26.8,6,152,686
1/26/2020,31.5,27.5,0,138,687
1/27/2020,31.3,28,0,136,687
1/28/2020,30.6,27.5,0,135,688
1/29/2020,29.1,26.7,0,159,688
1/30/2020,28.8,26.9,0,199,689
1/31/2020,27.6,25.7,0,198,690
2/1/2020,27.8,26.1,0,187,691
2/2/2020,26.5,24.9,2,201,691
2/3/2020,26.5,24.9,2,221,692
2/4/2020,26.6,25.6,0,177,692
2/5/2020,29.4,27.2,0,154,693
2/6/2020,29.9,27.2,0,139,694
2/7/2020,30.3,26.6,6,158,694
2/8/2020,30.4,26.8,11,167,695
2/9/2020,29.2,26.9,0,159,696
2/10/2020,28,26.2,0,188,696
2/11/2020,28,26.4,0,194,697
2/12/2020,27.9,26.5,0,169,698
2/13/2020,28.1,25.9,2,185,698
2/14/2020,30.1,27.7,0,146,699
2/15/2020,30.9,28.2,0,132,700
2/16/2020,30.5,27.9,0,122,700
2/17/2020,29.4,26.9,0,148,702
2/18/2020,29.6,27.5,1,152,702
2/19/2020,28.4,26.8,0,177,703
2/20/2020,27.9,26.5,0,182,704
2/21/2020,29.1,27.5,0,155,704
2/22/2020,28.7,27.3,0,149,705
2/23/2020,29.9,27.7,0,136,705
2/24/2020,30.4,27.6,2,146,707
2/25/2020,30.4,27.9,0,144,708
2/26/2020,29.5,27,2,152,708
2/27/2020,29.8,27.8,1,144,709
2/28/2020,29.7,27.8,0,145,710
2/29/2020,30.7,28.5,0,133,711
3/1/2020,30.8,28.2,0,142,711
3/2/2020,30,27.8,0,146,711
3/3/2020,30.5,27.9,0,148,713
3/4/2020,30.5,27.8,0,145,714
3/5/2020,30.5,28,0,125,715
3/6/2020,31.6,28.8,0,97,715
3/7/2020,33,29.2,0,96,716
3/8/2020,34.7,30,1,89,717
3/9/2020,34.9,29.9,0,90,717
3/10/2020,35.2,29.4,2,86,719
3/11/2020,33.6,29.4,2,106,720
3/12/2020,32.4,29.6,0,104,720
3/13/2020,32.7,29.8,0,83,721
3/14/2020,32.7,29.5,0,85,722
3/15/2020,32.3,29,0,103,722
3/16/2020,30.6,27.7,2,153,723
3/17/2020,30.5,27.9,0,151,724
3/18/2020,31,28.6,0,126,725
3/19/2020,31.6,28.5,0,113,726
3/20/2020,33.3,29.7,0,89,727
3/21/2020,33.4,30,0,88,728
3/22/2020,33.9,30.3,0,81,728
3/23/2020,33.2,29.7,0,99,729
3/24/2020,32.6,29.4,0,105,730
3/25/2020,31.8,29.2,0,114,730
3/26/2020,31.7,29.4,0,101,731
3/27/2020,33.5,29.8,0,94,733
3/28/2020,33.9,30.4,0,80,734
3/29/2020,33.9,30.1,0,78,734
3/30/2020,33.9,30.3,0,84,735
3/31/2020,33.5,30.4,0,78,736
4/1/2020,34.5,30.5,0,69,736
4/2/2020,33.9,29.9,0,85,737
4/3/2020,32.4,29.7,0,98,738
4/4/2020,32.6,29.5,0,94,738
4/5/2020,32.2,29.5,0,103,740
4/6/2020,33.1,29.8,0,96,741
4/7/2020,34,30.1,0,80,742
4/8/2020,34.7,30.3,1,77,742
4/9/2020,34.2,30,1,69,743
4/10/2020,33.9,29.6,0,86,744
4/11/2020,34,29.8,0,87,744
4/12/2020,34,29.3,0,95,745
4/13/2020,33.9,29.7,2,99,746
4/14/2020,32.2,28.7,0,124,747
4/15/2020,33.7,29.7,0,92,748
4/16/2020,35.1,30.2,0,72,748
4/17/2020,34.8,30.3,1,82,749
4/18/2020,35.7,30.7,2,72,750
4/19/2020,36.1,31.1,0,69,750
4/20/2020,35.8,31.1,0,63,752
4/21/2020,35.7,31.2,0,65,752
4/22/2020,36.6,31.4,0,51,753
4/23/2020,36.7,31.3,0,62,753
4/24/2020,35.8,31.2,0,68,754
4/25/2020,35.9,31,0,61,755
4/26/2020,36.1,30.9,0,58,756
4/27/2020,35.2,30.4,0,68,757
4/28/2020,35.4,31,0,72,757
4/29/2020,34.9,30.7,0,69,758
4/30/2020,36,31,0,70,759
5/1/2020,35,30.7,0,68,759
5/2/2020,35.8,31.2,0,60,760
5/3/2020,35.1,30.1,2,74,760
5/4/2020,39.2,32.2,0,41,761
5/5/2020,39.6,32.4,0,40,762
5/6/2020,39.2,31.8,2,49,763
5/7/2020,39,31.3,1,47,763
5/8/2020,39.2,32.7,0,35,763
5/9/2020,37.8,31.3,1,59,765
5/10/2020,36.6,30.9,1,54,765
5/11/2020,37.8,31.8,0,43,766
5/12/2020,38.6,32,1,41,767
5/13/2020,38.8,32.4,0,32,767
5/14/2020,35.8,30,4,77,767
5/15/2020,31.5,26.9,14,184,768
5/16/2020,34.6,29.1,0,102,769
5/17/2020,37.2,30.6,1,64,769
5/18/2020,37.4,30.5,1,59,769
5/19/2020,35.8,29.4,2,80,771
5/20/2020,37.8,30.5,0,52,771
5/21/2020,39,31.3,0,49,771
5/22/2020,38.2,30.5,2,63,772
5/23/2020,36.1,29.2,5,88,772
5/24/2020,35.4,29.6,0,75,773
5/25/2020,37,30.5,0,69,773
5/26/2020,36.4,29.9,5,72,774
5/27/2020,36,29.9,3,70,774
5/28/2020,34.9,29.4,2,82,774
5/29/2020,35.4,29.7,4,77,775
5/30/2020,37,30.3,1,62,775
5/31/2020,36.4,31.3,0,51,775
6/1/2020,36.4,31,0,53,776
6/2/2020,37.2,31.3,2,52,776
6/3/2020,37.8,31,0,48,776
6/4/2020,39,31.2,1,43,777
6/5/2020,39,32,0,36,777
6/6/2020,38.3,32.3,0,39,777
6/7/2020,38.1,31.8,1,47,778
6/8/2020,37.7,31.4,0,49,778
6/9/2020,36.9,31.2,0,59,778
6/10/2020,33.7,28.4,5,111,778
6/11/2020,32.5,27.4,13,143,779
6/12/2020,31.7,27.6,8,150,778
6/13/2020,35.4,30,0,68,778
6/14/2020,36.7,30.4,2,69,779
6/15/2020,34.6,29.4,1,80,779
6/16/2020,36.7,30.8,0,56,779
6/17/2020,36.7,31.2,0,62,779
6/18/2020,37.1,31.2,1,50,779
6/19/2020,33.5,28.2,3,122,779
6/20/2020,33.6,28.5,0,101,779
6/21/2020,35,29.4,1,73,779
6/22/2020,36.9,30.5,3,63,780
6/23/2020,37.7,31,1,56,779
6/24/2020,37,30.5,1,66,779
6/25/2020,37,30.8,0,54,779
6/26/2020,36,30.4,2,62,779
6/27/2020,35.1,29.6,3,87,778
6/28/2020,32.4,27.5,6,134,779
6/29/2020,33.8,28.5,1,112,779
6/30/2020,34.8,29.3,1,91,779
7/1/2020,34.1,29.8,0,67,779
7/2/2020,36.5,30.9,1,52,778
7/3/2020,36.1,30.5,2,73,778
7/4/2020,32.9,28.2,3,111,777
7/5/2020,34.8,29.5,2,81,777
7/6/2020,36.3,30.4,1,69,777
7/7/2020,36.3,30.7,0,66,777
7/8/2020,36.5,30.7,0,60,776
7/9/2020,37,30.9,2,64,776
7/10/2020,36.3,30.4,2,68,776
7/11/2020,35,29.3,1,90,775
7/12/2020,35.4,29.7,1,72,775
7/13/2020,31,26.9,2,151,775
7/14/2020,34.3,29.2,2,82,775
7/15/2020,35,29.6,1,80,774
7/16/2020,33.9,29.1,1,106,774
7/17/2020,35.6,30.4,0,75,774
7/18/2020,35,30.7,0,57,773
7/19/2020,34.3,30.3,1,77,772
7/20/2020,33.7,29.5,0,94,772
7/21/2020,33.2,28.4,0,96,771
7/22/2020,33.2,28.5,0,117,771
7/23/2020,36.4,30.9,0,60,771
7/24/2020,34.1,29.3,2,90,770
7/25/2020,34.1,29.3,1,75,769
7/26/2020,32.8,28.5,1,97,769
7/27/2020,33.9,28.9,1,87,769
7/28/2020,33.3,28.3,0,88,768
7/29/2020,30.8,26.7,1,135,767
7/30/2020,31.3,27,2,106,767
7/31/2020,32.2,27.5,1,111,766
8/1/2020,31.5,26.8,0,125,766
8/2/2020,32,27.7,2,100,765
8/3/2020,34.2,29.3,0,78,764
8/4/2020,34.5,29.5,0,88,764
8/5/2020,34.5,29.6,1,84,763
8/6/2020,32.8,28.4,1,100,763
8/7/2020,31.3,27.2,2,151,762
8/8/2020,30.7,27.2,1,127,761
8/9/2020,30.7,26.6,0,168,761
8/10/2020,32.3,27.5,0,135,760
8/11/2020,32.8,28.4,0,91,760
8/12/2020,33.8,29.2,1,90,758
8/13/2020,33.3,28.8,1,92,758
8/14/2020,31.7,27.5,0,142,757
8/15/2020,31.4,27.3,0,116,756
8/16/2020,32.1,27.6,2,121,756
8/17/2020,32.8,28,0,123,755
8/18/2020,33.9,28.5,1,107,754
8/19/2020,32,27.2,0,131,753
8/20/2020,31.1,27,1,152,753
8/21/2020,32.1,27.3,1,122,752
8/22/2020,34.3,29,0,96,751
8/23/2020,35.2,29.4,0,91,751
8/24/2020,35.6,29.6,1,92,750
8/25/2020,35.7,29.7,0,94,749
8/26/2020,35.7,29.6,0,100,749
8/27/2020,35.3,29.8,0,89,748
8/28/2020,35.5,29.5,1,99,746
8/29/2020,35.9,29.9,0,94,746
8/30/2020,34.4,29.3,1,114,745
8/31/2020,33.1,28.5,1,130,744
9/1/2020,33.5,28.7,1,114,744
9/2/2020,34.8,29.2,0,78,743
9/3/2020,35.5,30.1,0,62,742
9/4/2020,36,30.2,0,67,741
9/5/2020,36.2,29.9,0,77,741
9/6/2020,36.7,30.1,0,74,740
9/7/2020,35.4,29.3,3,94,739
9/8/2020,36.5,30.6,0,66,739
9/9/2020,35.1,29.4,0,86,738
9/10/2020,35.3,29.7,0,80,737
9/11/2020,34.8,29.2,3,86,736
9/12/2020,33.9,28.7,5,97,735
9/13/2020,35.6,30,0,70,734
9/14/2020,35,29.4,1,88,733
9/15/2020,33,27.8,10,138,732
9/16/2020,33.8,28.6,2,131,732
9/17/2020,33.1,28.2,0,123,731
9/18/2020,33.5,28.7,1,99,730
9/19/2020,34,28.7,4,101,729
9/20/2020,34.7,29.1,1,94,729
9/21/2020,36.1,30.5,0,62,728
9/22/2020,35,29.3,3,81,727
9/23/2020,33.2,28,5,108,726
9/24/2020,33.9,28.6,3,102,725
9/25/2020,33.5,28,7,112,725
9/26/2020,34.2,28.8,4,93,724
9/27/2020,36.2,30.2,0,56,723
9/28/2020,35.5,29.3,4,89,723
9/29/2020,34.5,29,3,97,722
9/30/2020,36.1,29.7,1,84,721
10/1/2020,36.2,29.5,2,85,721
10/2/2020,34,28.7,3,95,719
10/3/2020,34.6,28.5,3,112,718
10/4/2020,35.5,29.4,1,91,717
10/5/2020,34.9,29.7,1,92,717
10/6/2020,35.7,30,0,71,716
10/7/2020,33.5,28,5,116,715
10/8/2020,31.9,27.2,7,138,714
10/9/2020,32.6,27.8,8,116,714
10/10/2020,32.6,27.5,7,123,713
10/11/2020,30.9,26.7,13,169,711
10/12/2020,31.7,27.2,12,116,711
10/13/2020,33.7,28.5,1,97,710
10/14/2020,29.1,25.5,12,177,710
10/15/2020,31.6,27.5,5,159,709
10/16/2020,34.4,29.2,0,95,708
10/17/2020,32.8,28.1,5,111,707
10/18/2020,32,27.4,6,127,706
10/19/2020,34.1,29.2,1,87,706
10/20/2020,31.4,26.8,15,161,705
10/21/2020,32.4,28.1,3,144,705
10/22/2020,34.4,28.9,3,105,703
10/23/2020,33,28,5,121,703
10/24/2020,32.9,27.8,4,119,702
10/25/2020,31.3,26.8,13,167,702
10/26/2020,30.6,26.8,13,213,700
10/27/2020,32.8,28.4,3,137,700
10/28/2020,33.2,28.5,1,108,699
10/29/2020,31.9,27.3,1,130,699
10/30/2020,35,29.1,0,97,697
10/31/2020,33.6,29.7,1,82,697
11/1/2020,27.5,24.9,12,259,697
11/2/2020,31.7,27.7,2,133,695
11/3/2020,33.7,28.5,1,100,695
11/4/2020,31.8,27.5,1,140,695
11/5/2020,32.3,28.2,1,112,693
11/6/2020,33.7,29,0,101,693
11/7/2020,31.7,27.5,4,120,693
11/8/2020,32.4,27.9,3,150,691
11/9/2020,32.7,27.8,3,128,691
11/10/2020,31.6,27.1,9,130,690
11/11/2020,30.7,26.6,12,194,690
11/12/2020,30.2,26.3,17,226,690
11/13/2020,34.8,29.2,0,108,688
11/14/2020,34.5,29.1,0,97,688
11/15/2020,33,28.3,2,110,687
11/16/2020,33,28.5,2,99,687
11/17/2020,33.3,28.6,1,100,686
11/18/2020,33.5,28.9,0,95,686
11/19/2020,33.5,28.8,0,92,685
11/20/2020,34,29.1,0,99,685
11/21/2020,32.8,28.9,4,105,684
11/22/2020,31.2,28.4,0,108,684
11/23/2020,30.4,27.8,3,130,683
11/24/2020,30.8,28.5,0,101,683
11/25/2020,30.2,27.9,2,129,682
11/26/2020,31.4,28.6,0,113,682
11/27/2020,31.1,27,3,132,681
11/28/2020,32.6,28,4,115,681
11/29/2020,30.1,26.4,9,176,681
11/30/2020,30.2,27.2,4,151,681
12/1/2020,30.5,28.3,0,137,681
12/2/2020,31.3,27.8,0,141,679
12/3/2020,32.8,28.2,0,105,679
12/4/2020,31.2,27.3,4,122,679
12/5/2020,32.4,27.8,2,117,679
12/6/2020,33.1,28.3,3,105,678
12/7/2020,31.7,27.2,7,129,678
12/8/2020,32.8,28.1,6,130,678
12/9/2020,32.2,27.8,4,120,678
12/10/2020,30.5,26.3,8,137,677
12/11/2020,33.5,28.7,0,91,677
12/12/2020,34,28.9,1,95,677
12/13/2020,33.5,28.6,2,114,677
12/14/2020,32.9,28.8,0,98,677
12/15/2020,32.3,28.3,1,122,676
12/16/2020,31.7,28.5,0,120,677
12/17/2020,30.3,27,5,144,676
12/18/2020,30.2,26.7,11,151,677
12/19/2020,28.4,25.4,13,194,676
12/20/2020,30.7,26.9,10,149,677
12/21/2020,31.6,27.5,4,134,676
12/22/2020,31.7,27.8,0,120,677
12/23/2020,33.1,28.8,0,106,676
12/24/2020,32.5,28.5,0,101,677
12/25/2020,31.5,27.8,0,121,676
12/26/2020,31.4,27.2,7,140,677
12/27/2020,27.9,24.8,18,198,677
12/28/2020,31.7,27.5,0,127,676
12/29/2020,33.9,28.8,4,92,677
12/30/2020,32.7,28.1,3,118,677
12/31/2020,29.3,27.4,1,158,677
1/1/2021,28,26.1,0,165,677
1/2/2021,29.2,26.8,0,157,677
1/3/2021,28.3,25.4,8,177,677
1/4/2021,31.2,27.6,0,116,678
1/5/2021,30.5,27,4,138,678
1/6/2021,31.1,27.9,0,118,678
1/7/2021,29.9,26.9,2,145,679
1/8/2021,30,27.1,0,125,679
1/9/2021,28.8,26.9,0,165,679
1/10/2021,27.9,26.3,0,176,680
1/11/2021,27.5,25.7,0,181,680
1/12/2021,27.4,25.8,0,172,681
1/13/2021,27.6,25.5,0,161,680
1/14/2021,29.5,26.7,0,153,681
1/15/2021,30.4,27.3,1,134,681
1/16/2021,29.5,26.9,0,157,682
1/17/2021,29.5,27.2,1,138,683
1/18/2021,29.4,26.8,3,157,683
1/19/2021,29.1,26.3,4,147,684
1/20/2021,28.9,25.7,7,177,683
1/21/2021,32.2,27.8,3,108,684
1/22/2021,32.4,27.9,3,116,684
1/23/2021,31,27,2,150,685
1/24/2021,32.6,28.2,1,104,685
1/25/2021,32,27.8,4,122,686
1/26/2021,30.6,27.1,2,148,686
1/27/2021,30.2,26.5,5,140,688
1/28/2021,29.4,26.4,5,158,688
1/29/2021,28,26.5,0,189,689
1/30/2021,27.6,26,0,203,689
1/31/2021,26.8,25.4,0,199,690
2/1/2021,28,26.1,0,179,690
2/2/2021,28.9,26.7,0,159,691
2/3/2021,29.6,27.3,0,131,691
2/4/2021,29.4,27.4,0,143,693
2/5/2021,30.2,27.7,0,129,693
2/6/2021,30.6,27.7,1,129,693
2/7/2021,31.1,27.9,0,110,694
2/8/2021,30.3,28,0,122,695
2/9/2021,28.5,25.8,9,182,696
2/10/2021,29.5,26.5,0,168,696
2/11/2021,30.4,26.9,0,169,697
2/12/2021,31.7,27.7,0,163,698
2/13/2021,28.7,25.8,0,194,698
2/14/2021,30,26.9,0,139,699
2/15/2021,30,27,0,140,700
2/16/2021,29.9,27.4,0,152,701
2/17/2021,29.5,27.1,0,145,701
2/18/2021,29.1,27,0,157,702
2/19/2021,27,25.7,0,215,703
2/20/2021,26.3,25.2,0,202,703
2/21/2021,26.6,25.2,0,188,705
2/22/2021,27.6,25.1,9,178,705
2/23/2021,31.6,27.7,0,130,706
2/24/2021,32.9,28.4,0,110,706
2/25/2021,32.4,29.1,0,104,708
2/26/2021,31.9,28.8,0,109,709
2/27/2021,33.2,28.8,0,106,709
2/28/2021,33.1,29,0,102,710
3/1/2021,33.4,29.3,0,108,712
3/2/2021,32.7,28.6,0,111,712
3/3/2021,32.4,28.7,0,124,713
3/4/2021,32,28.7,0,127,714
3/5/2021,32.1,28.9,0,108,714
3/6/2021,31.7,29,0,104,716
3/7/2021,31.2,28.6,0,120,717
3/8/2021,30.8,28.1,0,121,717
3/9/2021,30.6,28,0,129,718
3/10/2021,30.7,28.6,0,122,718
3/11/2021,30.6,28.5,0,112,719
3/12/2021,30.3,27.6,2,133,720
3/13/2021,29.7,26.8,4,160,721
3/14/2021,30.4,27.5,3,142,722
3/15/2021,31.3,27.5,0,127,723
3/16/2021,33,28.5,0,97,724
3/17/2021,34.7,29.7,0,78,724
3/18/2021,36.2,30.5,1,64,725
3/19/2021,34.6,29.8,0,83,726
3/20/2021,35,30.1,0,76,726
3/21/2021,34.3,29.9,2,84,728
3/22/2021,34,29.7,1,89,729
3/23/2021,32.1,29.3,0,102,730
3/24/2021,32.6,28.9,0,115,730
3/25/2021,33.2,29.5,0,94,731
3/26/2021,33.3,29.7,0,91,732
3/27/2021,34,29.8,0,83,732
3/28/2021,34.4,30.3,0,78,733
3/29/2021,35,30.5,0,71,734
3/30/2021,34.4,30.4,0,76,734
3/31/2021,34.8,30.2,0,79,736
4/1/2021,34,30,0,89,737
4/2/2021,32.4,29.5,0,87,738
4/3/2021,32.8,29.7,0,97,738
4/4/2021,33.4,29.5,0,92,739
4/5/2021,33.2,29.6,0,104,740
4/6/2021,33.5,29.7,0,87,740
4/7/2021,31.6,28.6,0,114,741
4/8/2021,32.1,29.3,0,106,742
4/9/2021,32.2,29,1,111,743
4/10/2021,32.2,29.5,0,95,744
4/11/2021,31.9,29.4,0,98,745
4/12/2021,32.2,29.2,0,98,745
4/13/2021,33.7,29.3,0,88,746
4/14/2021,34.8,30.1,0,72,747
4/15/2021,33.6,29.2,0,87,747
4/16/2021,34.4,30.2,0,70,749
4/17/2021,33.1,29.5,0,81,749
4/18/2021,33.5,29.5,0,87,750
4/19/2021,33.4,29.8,0,95,751
4/20/2021,33.4,29,0,124,751
4/21/2021,35.2,29.7,0,99,752
4/22/2021,35.8,29.8,1,89,753
4/23/2021,34.6,29.7,0,98,754
4/24/2021,33.1,29,0,114,755
4/25/2021,33.4,29.3,0,88,755
4/26/2021,31.7,28.3,0,133,756
4/27/2021,31.6,28.5,0,135,756
4/28/2021,32.6,29.1,0,102,758
4/29/2021,33.6,29.5,0,100,758
4/30/2021,36.8,30.3,0,73,759
5/1/2021,35.4,30.9,0,66,759
5/2/2021,34.8,30.5,0,81,760
5/3/2021,34.9,30.6,1,76,761
5/4/2021,36.1,30.9,0,60,761
5/5/2021,36.4,31.3,0,59,762
5/6/2021,36,31.5,0,48,763
5/7/2021,36.1,30.8,0,54,764
5/8/2021,36.9,31.1,0,53,764
5/9/2021,37.5,31.5,0,53,764
5/10/2021,37.4,31.3,0,54,766
5/11/2021,37.7,31.3,0,61,766
5/12/2021,37.6,31.7,0,52,766
5/13/2021,36.7,31.3,0,55,767
5/14/2021,36,31.3,0,57,768
5/15/2021,37.8,31.7,0,56,768
5/16/2021,37.3,31.5,0,55,768
5/17/2021,37.7,32,0,50,770
5/18/2021,37.3,31,0,53,770
5/19/2021,36.8,31.3,0,55,770
5/20/2021,37.5,31.5,0,51,771
5/21/2021,37.3,30.9,0,67,771
5/22/2021,37.6,30.9,0,62,772
5/23/2021,37.7,31.4,0,50,773
5/24/2021,35.4,30.7,0,63,773
5/25/2021,37.7,31.7,0,44,773
5/26/2021,37.8,31.5,0,46,773
5/27/2021,38.3,32.1,1,40,774
5/28/2021,39.2,32.3,0,42,774
5/29/2021,39.8,32.2,2,40,774
5/30/2021,39.1,31.2,2,46,775
5/31/2021,39.2,31.8,0,45,775
6/1/2021,39.2,32,2,38,775
6/2/2021,33.3,28.2,10,147,776
6/3/2021,34.3,28.9,3,117,776
6/4/2021,35.7,29.6,2,92,776
6/5/2021,37.3,30.4,0,62,777
6/6/2021,36.3,30.1,0,76,777
6/7/2021,35.5,29.3,6,88,777
6/8/2021,33.6,28.4,3,104,778
6/9/2021,31.8,27.2,6,142,778
6/10/2021,33.1,28.4,4,108,778
6/11/2021,33.8,28.3,9,98,778
6/12/2021,34.4,29,3,97,779
6/13/2021,33.3,28.9,2,95,779
6/14/2021,34.2,29,0,105,779
6/15/2021,35.7,29.7,0,88,779
6/16/2021,36.4,30.1,0,69,779
6/17/2021,36.8,30.5,0,62,779
6/18/2021,37.3,30.5,0,67,779
6/19/2021,37.5,30.5,1,75,780
6/20/2021,35.9,29.5,2,100,779
6/21/2021,33,28.1,7,147,779
6/22/2021,32.9,28.5,0,124,779
6/23/2021,33.7,28.6,4,117,779
6/24/2021,33.9,28.9,3,104,780
6/25/2021,34.4,28.8,3,102,779
6/26/2021,35.6,29.7,0,74,779
6/27/2021,36.5,30,2,65,779
6/28/2021,35.7,29.3,4,91,779
6/29/2021,34.7,29.2,0,87,778
6/30/2021,36.3,30.2,1,68,778
7/1/2021,35.9,30,1,80,779
7/2/2021,34.7,29.6,1,84,778
7/3/2021,32.4,27.7,8,132,778
7/4/2021,33.1,28,9,120,778
7/5/2021,33.6,28.3,5,108,778
7/6/2021,33,27.9,5,129,777
7/7/2021,35.2,29.8,0,72,777
7/8/2021,36.1,30.4,1,66,777
7/9/2021,35.6,30,1,69,776
7/10/2021,34.5,29.5,2,89,776
7/11/2021,35.5,29.9,0,70,776
7/12/2021,36.8,30.5,0,58,776
7/13/2021,35.1,29.5,4,87,775
7/14/2021,34,28.9,4,90,775
7/15/2021,33.7,28.2,4,101,775
7/16/2021,33.7,28.5,4,120,773
7/17/2021,34.6,28.7,6,109,773
7/18/2021,33.8,28.8,2,118,773
7/19/2021,32.3,27.4,10,152,773
7/20/2021,32.1,27.2,9,162,772
7/21/2021,29.4,25.6,10,196,772
7/22/2021,29.5,25.6,14,214,771
7/23/2021,30.7,26.4,14,205,770
7/24/2021,30.1,26,18,201,770
7/25/2021,31.3,26.8,9,177,770
7/26/2021,35.9,29.5,2,117,769
7/27/2021,35,28.8,9,146,768
7/28/2021,32.1,27,13,191,768
7/29/2021,31.8,27,12,184,768
7/30/2021,35.5,29.1,1,108,767
7/31/2021,35.6,29.2,2,109,766
8/1/2021,36.2,29.9,1,99,766
8/2/2021,35.6,29.5,2,109,765
8/3/2021,36.1,29.7,3,107,765
8/4/2021,36.7,30.1,1,91,763
8/5/2021,36.2,29.6,3,103,763
8/6/2021,36.1,29.6,2,97,763
8/7/2021,36.5,29.7,0,99,762
8/8/2021,36.4,29.8,0,87,761
8/9/2021,34.4,29,1,111,760
8/10/2021,33,28.1,1,136,760
8/11/2021,32.1,27.7,8,133,759
8/12/2021,34.7,29.1,0,93,759
8/13/2021,35.3,29.9,1,67,758
8/14/2021,33.8,29,3,95,757
8/15/2021,31.5,27.2,4,124,756
8/16/2021,35,29.8,0,73,756
8/17/2021,35.3,29.6,2,82,755
8/18/2021,34.6,29,3,92,754
8/19/2021,34.3,28.7,4,104,754
8/20/2021,33.9,28.6,4,106,753
8/21/2021,32.9,28.2,1,114,752
8/22/2021,33.5,28.2,2,111,751
8/23/2021,33.8,28.5,3,103,750
8/24/2021,31,26.8,6,145,750
8/25/2021,32.7,28.1,1,111,749
8/26/2021,31.9,27.7,1,128,748
8/27/2021,33.2,28.5,5,95,748
8/28/2021,33.8,28.6,2,98,747
8/29/2021,34.1,28.8,6,97,746
8/30/2021,33.4,28.1,1,104,746
8/31/2021,34.5,29.2,1,82,745
9/1/2021,33.4,28.4,1,114,743
9/2/2021,32.6,28,1,109,743
9/3/2021,33.3,28.5,3,121,742
9/4/2021,33.5,28.5,3,117,741
9/5/2021,34.2,28.8,4,97,740
9/6/2021,32.9,27.8,5,121,740
9/7/2021,32,27.2,4,126,739
9/8/2021,28.8,25.4,19,237,738
9/9/2021,33.7,28.4,3,116,737
9/10/2021,32,27.4,3,135,737
9/11/2021,30.9,26.7,14,154,736
9/12/2021,31.1,26.9,4,143,735
9/13/2021,33.8,28.6,1,94,735
9/14/2021,35,29.6,1,77,734
9/15/2021,34.9,29.5,2,80,733
9/16/2021,33.5,28.2,6,114,732
9/17/2021,33.3,28.6,2,111,731
9/18/2021,36.2,30,0,80,731
9/19/2021,32,27.4,5,123,730
9/20/2021,32.7,27.9,8,107,728
9/21/2021,34.9,29.4,0,80,727
9/22/2021,36.2,30.3,0,75,727
9/23/2021,36.2,30.5,1,70,726
9/24/2021,34.6,29.9,1,77,725
9/25/2021,34.5,29.5,1,82,724
9/26/2021,35.9,29.8,1,72,724
9/27/2021,34.8,29,3,100,723
9/28/2021,35.8,29.5,0,82,722
9/29/2021,36,29.5,0,89,721
9/30/2021,35.2,28.9,5,94,721
10/1/2021,35.7,29.2,0,85,720
10/2/2021,35.6,29.5,4,82,719
10/3/2021,33.7,28.4,7,105,719
10/4/2021,32.2,27.5,5,139,718
10/5/2021,31.6,26.9,10,137,716
10/6/2021,32.8,27.9,5,112,715
10/7/2021,34.2,28.9,2,97,715
10/8/2021,34.9,29.1,1,89,714
10/9/2021,34.9,28.9,2,109,713
10/10/2021,35.1,29.1,3,116,713
10/11/2021,34.8,28.9,4,115,712
10/12/2021,33.5,28.2,6,137,711
10/13/2021,32.2,27.5,9,127,711
10/14/2021,33,27.8,6,114,709
10/15/2021,33.6,28.2,8,109,708
10/16/2021,35.3,29.6,5,75,708
10/17/2021,34.6,29.2,2,84,707
10/18/2021,31.6,27.5,1,131,707
10/19/2021,33.7,29.2,0,81,706
10/20/2021,33.3,28.8,3,110,705
10/21/2021,33.3,28.2,2,115,704
10/22/2021,33.1,28.7,1,98,704
10/23/2021,32.7,28.2,3,121,703
10/24/2021,30.7,26.9,6,142,702
10/25/2021,29.8,26.4,5,165,701
10/26/2021,31.7,27.9,3,112,701
10/27/2021,33,28.9,0,91,700
10/28/2021,32.1,28.2,2,115,699
10/29/2021,32.4,29.3,0,84,698
10/30/2021,32.7,29.2,1,87,698
10/31/2021,32.2,29,0,96,698
11/1/2021,32.4,28.4,4,107,696
11/2/2021,32.3,28.8,0,100,696
11/3/2021,32.9,29.5,0,87,695
11/4/2021,33.8,29.8,0,72,694
11/5/2021,34.9,29.8,0,88,694
11/6/2021,35.8,30.1,0,70,693
11/7/2021,34.6,29.4,1,78,692
11/8/2021,34.9,29,1,93,692
11/9/2021,34.3,29.8,0,78,691
11/10/2021,33.4,29.2,0,94,691
11/11/2021,33.4,29.4,0,94,689
11/12/2021,33.4,28.8,2,110,689
11/13/2021,33.7,29,1,96,689
11/14/2021,34.1,29.3,2,84,688
11/15/2021,33.2,28.5,3,107,688
11/16/2021,33.9,29.1,0,92,687
11/17/2021,34,29.2,0,91,687
11/18/2021,33.8,29.1,0,88,686
11/19/2021,34,29.1,0,85,686
11/20/2021,32.4,27.7,4,112,685
11/21/2021,33.1,28,5,118,685
11/22/2021,34.8,29.1,0,77,684
11/23/2021,33.4,28.9,1,96,684
11/24/2021,32.8,29,0,94,683
11/25/2021,33.3,28.7,7,101,683
11/26/2021,31.9,27.8,3,129,682
11/27/2021,32.9,28.4,1,109,682
11/28/2021,30.3,26.5,4,133,681
11/29/2021,33.9,28.9,1,91,680
11/30/2021,34.8,29.2,1,83,680
12/1/2021,33.6,28.7,2,101,680
12/2/2021,29.7,27.7,0,137,680
12/3/2021,29.1,27.2,0,151,679
12/4/2021,28.5,26.4,0,177,679
12/5/2021,28,26.3,0,165,679
12/6/2021,28.5,26.4,0,156,679
12/7/2021,28.3,26.1,2,137,678
12/8/2021,29.2,27.5,0,141,677
12/9/2021,29.4,27.4,0,132,678
12/10/2021,29.9,27.8,0,124,677
12/11/2021,29.8,27,2,142,677
12/12/2021,30.7,27.6,0,122,677
12/13/2021,30.5,27.5,0,132,677
12/14/2021,29.5,27.5,0,150,677
12/15/2021,28.8,26.6,0,146,677
12/16/2021,30.7,28,1,149,676
12/17/2021,32.3,28.1,6,142,677
12/18/2021,33.7,28.6,1,117,676
12/19/2021,28.6,25.2,14,192,677
12/20/2021,32.1,27.9,1,125,676
12/21/2021,33.6,28.9,0,95,677
12/22/2021,32.4,27.9,1,118,676
12/23/2021,32.4,28.2,0,104,676
12/24/2021,31.4,27.7,1,126,676
12/25/2021,31.5,28.1,0,125,676
12/26/2021,29.6,26.9,4,147,676
12/27/2021,28.9,26.4,5,168,677
12/28/2021,29.1,27,2,155,676
12/29/2021,29.3,27.1,0,134,677
12/30/2021,29,27.1,0,151,677
12/31/2021,28.3,26.8,0,159,677
1/1/2022,28.2,26.6,0,180,677
1/2/2022,27.7,26.1,0,183,677
1/3/2022,28.2,26.7,0,180,677
1/4/2022,28.8,27,0,167,678
1/5/2022,29.6,27.1,0,165,678
1/6/2022,28.8,26.6,0,166,678
1/7/2022,29.3,27,0,157,679
1/8/2022,30.1,27.4,1,131,679
1/9/2022,31,27.7,0,123,679
1/10/2022,30.7,27.3,0,126,680
1/11/2022,30.3,27.8,0,155,680
1/12/2022,28.4,26.4,0,178,681
1/13/2022,28.4,26.2,0,187,680
1/14/2022,27.4,25.5,0,208,681
1/15/2022,27.4,25.8,0,212,681
1/16/2022,28.1,26.1,0,182,682
1/17/2022,27.4,26,0,184,683
1/18/2022,26.8,25.5,0,184,683
1/19/2022,28.6,26.4,1,163,684
1/20/2022,29.3,26.8,1,165,683
1/21/2022,29.9,27,0,148,684
1/22/2022,31.2,28.2,0,113,684
1/23/2022,31.8,28.2,0,131,685
1/24/2022,31.5,28.1,0,116,685
1/25/2022,30.4,28,0,114,686
1/26/2022,29.8,26.7,5,141,686
1/27/2022,32.8,28.5,0,117,688
1/28/2022,33.1,29,0,108,688
1/29/2022,32.6,28.4,0,108,689
1/30/2022,32.4,27.9,0,134,689
1/31/2022,31.6,28.4,0,109,690
2/1/2022,30.3,27.7,0,150,690
2/2/2022,29.5,27.4,0,145,691
2/3/2022,29.9,27.2,1,134,691
2/4/2022,30.2,27.9,0,125,693
2/5/2022,29.8,27.8,0,140,693
2/6/2022,30,27.7,0,163,693
2/7/2022,30.7,27.5,1,148,694
2/8/2022,31.7,28.2,0,113,695
2/9/2022,31.1,28.5,0,126,696
2/10/2022,30.7,28.2,0,126,696
2/11/2022,30.8,27.9,0,143,697
2/12/2022,30.6,27.8,0,140,698
2/13/2022,31.5,28.1,0,137,698
2/14/2022,31.5,27.8,6,127,699
2/15/2022,32,28.2,0,118,700
2/16/2022,31.1,28,0,134,701
2/17/2022,30.8,27.6,2,153,701
2/18/2022,31.4,28.1,0,117,702
2/19/2022,32.2,28.6,0,115,703
2/20/2022,32.2,29,0,109,703
2/21/2022,31.6,28.3,0,128,705
2/22/2022,29.8,26.5,11,165,705
2/23/2022,30.3,27.6,1,139,706
2/24/2022,31.2,28.3,0,113,706
2/25/2022,31.2,28.5,0,126,708
2/26/2022,30.5,27.8,0,135,709
2/27/2022,30.7,28,0,122,709
2/28/2022,31.3,28.6,0,116,710
3/1/2022,31,28.6,0,115,712
3/2/2022,31.7,28.6,0,101,712
3/3/2022,32,28.6,0,120,713
3/4/2022,31.9,28.5,0,125,714
3/5/2022,32,29,0,113,714
3/6/2022,31.9,28.8,0,100,716
3/7/2022,31.2,28.6,0,112,717
3/8/2022,31.8,28.5,0,116,717
3/9/2022,31.2,28.3,0,128,718
3/10/2022,31.1,28.4,0,135,718
3/11/2022,33.1,29,1,99,719
3/12/2022,34.4,29.5,4,92,720
3/13/2022,32.8,28.2,6,125,721
3/14/2022,33.1,28.4,2,116,722
3/15/2022,34.5,29.2,1,94,723
3/16/2022,35,29.9,1,84,724
3/17/2022,35.5,30.2,0,80,724
3/18/2022,35.6,29.7,1,85,725
3/19/2022,36,30.3,0,73,726
3/20/2022,35.7,30.8,1,69,726
3/21/2022,35.1,30.1,0,83,728
3/22/2022,35.6,30.7,0,68,729
3/23/2022,35.7,30.5,1,68,730
3/24/2022,35.4,30.3,0,80,730
3/25/2022,35.2,30.5,0,80,731
3/26/2022,35.5,30.7,0,64,732
3/27/2022,35,30.3,0,75,732
3/28/2022,34.1,30.1,0,74,733
3/29/2022,35,30.2,0,79,734
3/30/2022,34.4,30,0,89,734
3/31/2022,35.1,30.6,0,72,736
4/1/2022,34.2,29.7,2,93,737
4/2/2022,32.4,29.2,0,106,738
4/3/2022,31.2,28.8,0,111,738
4/4/2022,31.8,29.1,1,104,739
4/5/2022,28.8,25.5,15,191,740
4/6/2022,30.9,27.1,2,145,740
4/7/2022,32.8,28.8,2,91,741
4/8/2022,31.4,27.8,3,133,742
4/9/2022,32.6,28.7,1,107,743
4/10/2022,32.6,28.7,1,98,744
4/11/2022,32.6,28.8,2,96,745
4/12/2022,32.6,28.2,0,117,745
4/13/2022,33.5,28.5,1,98,746
4/14/2022,34,29.2,0,96,747
4/15/2022,34.2,29.3,0,99,747
4/16/2022,33.9,29.3,2,94,749
4/17/2022,32,28.4,2,130,749
4/18/2022,33.7,29.8,0,96,750
4/19/2022,32.6,29.3,0,104,751
4/20/2022,33.2,29.3,0,98,751
4/21/2022,35.9,30.4,0,70,752
4/22/2022,36,30.7,0,58,753
4/23/2022,34.6,30.5,0,77,754
4/24/2022,35.6,30.8,0,61,755
4/25/2022,35.3,30.1,1,86,755
4/26/2022,36.2,30.7,2,68,756
4/27/2022,36.8,31.1,0,58,756
4/28/2022,36.2,30.5,3,72,758
4/29/2022,37.3,31.4,0,54,758
4/30/2022,36.8,30.8,0,64,759
5/1/2022,35.6,30.9,0,72,759
5/2/2022,35.1,31,0,63,760
5/3/2022,34.8,30.6,0,62,761
5/4/2022,35,30.9,0,62,761
5/5/2022,35.8,31.2,0,57,762
5/6/2022,35.9,31.1,0,62,763
5/7/2022,37,31.5,0,54,764
5/8/2022,37.1,31.5,0,56,764
5/9/2022,35.8,30.8,0,67,764
5/10/2022,35.8,31.1,0,65,766
5/11/2022,36.1,31.2,0,64,766
5/12/2022,36.8,31.7,0,53,766
5/13/2022,37.2,31.2,0,53,767
5/14/2022,38.3,31.2,1,45,768
5/15/2022,34.6,28.7,6,101,768
5/16/2022,33.8,28.5,4,110,768
5/17/2022,32.7,27.9,5,115,770
5/18/2022,33.5,28.2,7,102,770
5/19/2022,33.2,28,4,112,770
5/20/2022,32.1,27.4,7,141,771
5/21/2022,32.6,28.3,0,110,771
5/22/2022,33.9,28.8,5,111,772
5/23/2022,34.4,28.7,5,95,773
5/24/2022,36,30.3,0,60,773
5/25/2022,35.4,29.8,1,69,773
5/26/2022,35.7,29.7,1,76,773
5/27/2022,35.9,30.2,2,82,774
5/28/2022,33.1,27.8,5,120,774
5/29/2022,34.6,29,1,98,774
5/30/2022,36,30.1,1,72,775
5/31/2022,34.1,28.9,5,102,775
6/1/2022,32.6,27.5,4,119,775
6/2/2022,35,29.2,3,87,776
6/3/2022,36.1,30,0,73,776
6/4/2022,36.3,30,0,67,776
6/5/2022,36.6,30.4,2,67,777
6/6/2022,36.1,30,0,73,777
6/7/2022,36,29.8,1,84,777
6/8/2022,35.4,29.1,3,93,778
6/9/2022,37.1,30.8,1,50,778
6/10/2022,37.1,31,1,55,778
6/11/2022,36.9,30.9,0,64,778
6/12/2022,36.9,29.9,3,79,779
6/13/2022,37.7,30.6,1,64,779
6/14/2022,34.8,29.4,4,93,779
6/15/2022,35.6,29.5,0,67,779
6/16/2022,36.7,30.4,0,64,779
6/17/2022,37.4,31.5,0,49,779
6/18/2022,36.4,30.5,0,64,779
6/19/2022,35,29.3,4,89,780
6/20/2022,35.5,29.7,1,81,779
6/21/2022,34.8,29.6,1,71,779
6/22/2022,35,29.9,5,70,779
6/23/2022,32.6,28.3,6,126,779
6/24/2022,34.4,29.4,0,82,780
6/25/2022,35.6,29.7,0,73,779
6/26/2022,33.6,28.4,3,100,779
6/27/2022,32.6,27.9,0,121,779
6/28/2022,32.5,27.5,8,126,779
6/29/2022,34.2,29.2,2,86,778
6/30/2022,34.2,29,6,98,778
