date,y
1/1/2015,-215.3260813
1/2/2015,-366.4250553
1/3/2015,-304.4944048
1/4/2015,-498.1299916
1/5/2015,15.02496045
1/6/2015,-58.27981245
1/7/2015,-360.6415521
1/8/2015,-59.01324525
1/9/2015,-274.6879956
1/10/2015,-223.6884126
1/11/2015,-280.5732277
1/12/2015,-286.3414641
1/13/2015,-267.208971
1/14/2015,-266.3692854
1/15/2015,-402.1040287
1/16/2015,-418.1909629
1/17/2015,-443.8255601
1/18/2015,-119.3815799
1/19/2015,-250.6515433
1/20/2015,-56.32853314
1/21/2015,-32.45820196
1/22/2015,66.2555972
1/23/2015,-157.7405844
1/24/2015,-214.8399149
1/25/2015,-469.0225981
1/26/2015,-177.7159633
1/27/2015,-160.9452899
1/28/2015,-240.2604173
1/29/2015,-348.9189403
1/30/2015,-60.23599956
1/31/2015,-414.2029105
2/1/2015,-179.2633409
2/2/2015,-391.9253644
2/3/2015,21.24225069
2/4/2015,-167.5338457
2/5/2015,-358.7444305
2/6/2015,39.75641961
2/7/2015,9.269821806
2/8/2015,-246.6883063
2/9/2015,-161.2364847
2/10/2015,-346.8094951
2/11/2015,-150.3922863
2/12/2015,-138.6594915
2/13/2015,-144.2748042
2/14/2015,-288.4068073
2/15/2015,-340.0157931
2/16/2015,-42.30320187
2/17/2015,-328.2883229
2/18/2015,-135.7975676
2/19/2015,-3.078317987
2/20/2015,-360.7972739
2/21/2015,-103.738667
2/22/2015,-361.6882473
2/23/2015,30.05796371
2/24/2015,-343.6101278
2/25/2015,-333.8988752
2/26/2015,-113.0143347
2/27/2015,-17.24406367
2/28/2015,-163.9501317
3/1/2015,-136.0724748
3/2/2015,-246.7240195
3/3/2015,-27.04533867
3/4/2015,-314.3364926
3/5/2015,83.09694802
3/6/2015,-320.3235999
3/7/2015,-356.4767557
3/8/2015,-325.5647456
3/9/2015,-36.50296349
3/10/2015,-124.8451815
3/11/2015,-241.1161545
3/12/2015,-28.31142347
3/13/2015,-237.3082315
3/14/2015,-375.0284033
3/15/2015,-330.8770078
3/16/2015,-142.7938381
3/17/2015,-130.4497286
3/18/2015,77.19329705
3/19/2015,-311.197218
3/20/2015,-1.940811846
3/21/2015,-131.9857443
3/22/2015,-404.2349494
3/23/2015,-129.1495621
3/24/2015,-311.7343729
3/25/2015,-311.0886267
3/26/2015,-307.3357229
3/27/2015,-309.4987638
3/28/2015,-352.6273263
3/29/2015,-312.6144396
3/30/2015,-219.5064729
3/31/2015,-105.1645809
4/1/2015,64.63417946
4/2/2015,-504.9199826
4/3/2015,-567.0165826
4/4/2015,-84.6502431
4/5/2015,-449.5160474
4/6/2015,94.12698171
4/7/2015,118.024264
4/8/2015,11.18847375
4/9/2015,-259.8479951
4/10/2015,-303.5396158
4/11/2015,-143.9858747
4/12/2015,-198.2105414
4/13/2015,-80.17128068
4/14/2015,-262.9982483
4/15/2015,126.9029333
4/16/2015,42.36542807
4/17/2015,-52.56490438
4/18/2015,-3.842115512
4/19/2015,-255.7155848
4/20/2015,-236.2726675
4/21/2015,-138.1600854
4/22/2015,-146.1706533
4/23/2015,-50.49023867
4/24/2015,40.00217569
4/25/2015,87.15270082
4/26/2015,-275.8968663
4/27/2015,-64.76760018
4/28/2015,-137.1800565
4/29/2015,74.68515091
4/30/2015,166.5543729
5/1/2015,-143.9124247
5/2/2015,-332.4194175
5/3/2015,23.62386615
5/4/2015,-259.0443749
5/5/2015,-231.2407317
5/6/2015,-120.6226504
5/7/2015,-127.350241
5/8/2015,-232.2300241
5/9/2015,-289.2250359
5/10/2015,-360.7168917
5/11/2015,60.25345326
5/12/2015,-215.3910836
5/13/2015,-20.25081852
5/14/2015,-124.7286714
5/15/2015,-235.1193393
5/16/2015,-284.6534491
5/17/2015,-252.1844612
5/18/2015,-246.7102147
5/19/2015,-109.5285318
5/20/2015,98.08081271
5/21/2015,9.036127004
5/22/2015,200.8247479
5/23/2015,135.5131851
5/24/2015,-331.4108539
5/25/2015,-121.3151599
5/26/2015,-107.0236058
5/27/2015,-12.1436373
5/28/2015,-16.11371745
5/29/2015,80.54279023
5/30/2015,-282.6220558
5/31/2015,45.79513864
6/1/2015,-235.7493306
6/2/2015,194.7252859
6/3/2015,-105.5518639
6/4/2015,89.38304958
6/5/2015,-117.2151555
6/6/2015,-61.53539472
6/7/2015,72.61757347
6/8/2015,73.19010372
6/9/2015,-223.3852731
6/10/2015,78.28483408
6/11/2015,78.66608417
6/12/2015,100.9852844
6/13/2015,-104.2323046
6/14/2015,-345.1073781
6/15/2015,-22.38888404
6/16/2015,-108.6885324
6/17/2015,-114.370817
6/18/2015,64.14951878
6/19/2015,-244.6472647
6/20/2015,-195.8499301
6/21/2015,-381.3934543
6/22/2015,-263.3621869
6/23/2015,163.8024347
6/24/2015,72.37420059
6/25/2015,-110.8114559
6/26/2015,-17.70765572
6/27/2015,24.58537182
6/28/2015,-42.69941523
6/29/2015,162.7706146
6/30/2015,170.1096815
7/1/2015,184.9722313
7/2/2015,80.16217394
7/3/2015,-125.153571
7/4/2015,-284.8722105
7/5/2015,-203.9868164
7/6/2015,38.83070883
7/7/2015,-297.7567884
7/8/2015,-211.4847019
7/9/2015,-36.04565479
7/10/2015,-134.8580345
7/11/2015,-260.4632551
7/12/2015,-199.4767143
7/13/2015,120.7233899
7/14/2015,44.58010234
7/15/2015,-42.62857013
7/16/2015,-152.9056201
7/17/2015,-338.0361278
7/18/2015,-239.5078304
7/19/2015,-272.2300606
7/20/2015,-54.11165088
7/21/2015,-40.05222941
7/22/2015,-55.56940491
7/23/2015,-157.9685745
7/24/2015,-249.4703371
7/25/2015,-305.8745609
7/26/2015,-396.5102041
7/27/2015,-102.6787797
7/28/2015,-276.7376012
7/29/2015,31.56366591
7/30/2015,134.3424035
7/31/2015,139.9364201
8/1/2015,86.83700482
8/2/2015,-180.934912
8/3/2015,134.8472037
8/4/2015,58.14239438
8/5/2015,-35.35059098
8/6/2015,-30.67012638
8/7/2015,-33.82260292
8/8/2015,15.545723
8/9/2015,-272.1993393
8/10/2015,25.13635104
8/11/2015,59.07560861
8/12/2015,-250.8052153
8/13/2015,-41.32042413
8/14/2015,-240.6235053
8/15/2015,28.73684547
8/16/2015,67.82321902
8/17/2015,-221.5628408
8/18/2015,-21.35323835
8/19/2015,-42.83838491
8/20/2015,-261.9370289
8/21/2015,-253.5605723
8/22/2015,-62.03937779
8/23/2015,-210.4069058
8/24/2015,-106.4954503
8/25/2015,-72.04524722
8/26/2015,144.1824293
8/27/2015,-49.87714054
8/28/2015,138.8811109
8/29/2015,-18.80942791
8/30/2015,-296.0807662
8/31/2015,12.38068638
9/1/2015,129.9608095
9/2/2015,-149.5360015
9/3/2015,-236.5624761
9/4/2015,161.3282225
9/5/2015,-99.2097845
9/6/2015,-61.83049672
9/7/2015,151.6402803
9/8/2015,-136.731368
9/9/2015,170.4983615
9/10/2015,-47.54107354
9/11/2015,134.0264153
9/12/2015,-205.1689059
9/13/2015,-81.21005539
9/14/2015,113.6974902
9/15/2015,139.8062277
9/16/2015,-158.9885914
9/17/2015,-53.55910556
9/18/2015,156.9730946
9/19/2015,-287.5245826
9/20/2015,-155.4943459
9/21/2015,-262.815816
9/22/2015,155.6726295
9/23/2015,-41.92062072
9/24/2015,170.5706909
9/25/2015,-191.3491484
9/26/2015,109.7178397
9/27/2015,-151.7193359
9/28/2015,-261.8764394
9/29/2015,-141.5180548
9/30/2015,-127.0416904
10/1/2015,143.8012312
10/2/2015,-5.27728678
10/3/2015,-311.0862208
10/4/2015,-288.5995149
10/5/2015,115.1958369
10/6/2015,147.7003326
10/7/2015,-236.9734493
10/8/2015,71.00459671
10/9/2015,-130.1635667
10/10/2015,-166.6827707
10/11/2015,58.88630398
10/12/2015,-240.6410228
10/13/2015,165.3360686
10/14/2015,52.30469806
10/15/2015,56.26711119
10/16/2015,48.49173958
10/17/2015,-202.9059782
10/18/2015,-325.6555787
10/19/2015,-8.646570129
10/20/2015,132.5631073
10/21/2015,-157.2204393
10/22/2015,47.12758382
10/23/2015,-49.92507258
10/24/2015,-93.68640504
10/25/2015,-50.34763481
10/26/2015,-44.50652541
10/27/2015,-35.73366703
10/28/2015,-49.9591169
10/29/2015,-157.7534162
10/30/2015,136.9973836
10/31/2015,55.56911354
11/1/2015,-370.3656575
11/2/2015,-327.8709845
11/3/2015,-65.34503211
11/4/2015,161.6689363
11/5/2015,70.40017524
11/6/2015,-30.62308672
11/7/2015,-76.73596473
11/8/2015,-244.5693543
11/9/2015,-67.36418559
11/10/2015,58.64141189
11/11/2015,164.9976244
11/12/2015,-31.72300497
11/13/2015,62.76943827
11/14/2015,12.65260376
11/15/2015,-365.8071535
11/16/2015,-61.321729
11/17/2015,-51.09829876
11/18/2015,-95.64214222
11/19/2015,-310.1806496
11/20/2015,22.30609099
11/21/2015,-109.3821581
11/22/2015,-262.8302026
11/23/2015,133.3739965
11/24/2015,155.2693512
11/25/2015,-43.93847174
11/26/2015,-53.23225476
11/27/2015,142.1401062
11/28/2015,0.589907013
11/29/2015,-371.8671908
11/30/2015,-63.1860141
12/1/2015,29.62482001
12/2/2015,-64.63766326
12/3/2015,-158.0040505
12/4/2015,-52.61566759
12/5/2015,95.12581911
12/6/2015,-259.8473177
12/7/2015,-152.5031936
12/8/2015,158.1765401
12/9/2015,165.8843789
12/10/2015,-24.14683715
12/11/2015,69.97919442
12/12/2015,11.72039474
12/13/2015,-151.4165941
12/14/2015,33.97501068
12/15/2015,3.183278443
12/16/2015,-21.09096759
12/17/2015,-140.6060906
12/18/2015,71.60414167
12/19/2015,-297.6990242
12/20/2015,-231.8096281
12/21/2015,-129.9431657
12/22/2015,77.45165992
12/23/2015,-59.45777657
12/24/2015,-464.0370826
12/25/2015,-325.0862478
12/26/2015,-466.7013619
12/27/2015,-452.5387625
12/28/2015,-294.1535791
12/29/2015,-201.4720164
12/30/2015,-267.112102
12/31/2015,-416.4398618
1/1/2016,-458.1287688
1/2/2016,-92.62892059
1/3/2016,-463.3798733
1/4/2016,-34.67704914
1/5/2016,-101.9028418
1/6/2016,99.76321541
1/7/2016,7.730042011
1/8/2016,104.7576445
1/9/2016,-236.8001565
1/10/2016,-299.6816573
1/11/2016,-92.81957645
1/12/2016,33.57734149
1/13/2016,130.4415312
1/14/2016,35.1041171
1/15/2016,26.18758049
1/16/2016,77.68235763
1/17/2016,-183.15198
1/18/2016,-181.7038061
1/19/2016,139.1820622
1/20/2016,-63.1872676
1/21/2016,-163.6079765
1/22/2016,-270.3771162
1/23/2016,-312.5952102
1/24/2016,-393.9281841
1/25/2016,-320.5850037
1/26/2016,-315.3761724
1/27/2016,89.80611802
1/28/2016,-292.0971296
1/29/2016,14.22796549
1/30/2016,-20.28826134
1/31/2016,-291.4420926
2/1/2016,-192.034368
2/2/2016,120.586826
2/3/2016,18.28754198
2/4/2016,-170.6914844
2/5/2016,37.5415191
2/6/2016,-143.0982867
2/7/2016,-340.783916
2/8/2016,-435.7775258
2/9/2016,-140.3568347
2/10/2016,-202.2307143
2/11/2016,-191.7006608
2/12/2016,-290.9076307
2/13/2016,64.51879512
2/14/2016,1.799463964
2/15/2016,-5.55074032
2/16/2016,-187.7906873
2/17/2016,-193.8100984
2/18/2016,-98.77623742
2/19/2016,-190.0747564
2/20/2016,-127.1191885
2/21/2016,-195.8982671
2/22/2016,-187.3904379
2/23/2016,130.1842382
2/24/2016,-74.9541505
2/25/2016,-147.9331832
2/26/2016,-7.923827303
2/27/2016,56.72454845
2/28/2016,-400.8813122
2/29/2016,-2.734049829
3/1/2016,106.1317863
3/2/2016,102.4333236
3/3/2016,-186.0563729
3/4/2016,114.2117435
3/5/2016,97.78989548
3/6/2016,46.81653218
3/7/2016,-234.0068092
3/8/2016,-13.95015941
3/9/2016,-215.0166861
3/10/2016,-4.089524407
3/11/2016,-13.10148335
3/12/2016,121.9700052
3/13/2016,53.98318898
3/14/2016,-239.4088561
3/15/2016,-25.43284087
3/16/2016,82.29307885
3/17/2016,-218.2147123
3/18/2016,179.9421886
3/19/2016,-170.0583191
3/20/2016,62.45054215
3/21/2016,-143.7296197
3/22/2016,64.57993618
3/23/2016,133.5857526
3/24/2016,-40.3473289
3/25/2016,-292.9082599
3/26/2016,-322.6036586
3/27/2016,-313.256705
3/28/2016,12.16696187
3/29/2016,32.85744504
3/30/2016,-38.06564731
3/31/2016,-33.68301646
4/1/2016,169.1102002
4/2/2016,23.13158408
4/3/2016,-42.36431368
4/4/2016,67.15339376
4/5/2016,-13.58540638
4/6/2016,-103.3045106
4/7/2016,97.28028671
4/8/2016,-6.87012152
4/9/2016,-104.6852547
4/10/2016,-331.9657417
4/11/2016,-204.8168337
4/12/2016,235.2737322
4/13/2016,-152.0155336
4/14/2016,155.4561511
4/15/2016,-46.35955532
4/16/2016,-203.3119317
4/17/2016,-85.5710092
4/18/2016,223.810102
4/19/2016,141.965824
4/20/2016,139.368942
4/21/2016,-163.2591564
4/22/2016,-170.2052473
4/23/2016,166.4706048
4/24/2016,-92.37106102
4/25/2016,-73.20500453
4/26/2016,-60.78324687
4/27/2016,242.5757417
4/28/2016,58.45585445
4/29/2016,-59.37308834
4/30/2016,-26.83912755
5/1/2016,-106.5838965
5/2/2016,-71.04136092
5/3/2016,59.45952199
5/4/2016,-140.2002573
5/5/2016,248.8520441
5/6/2016,-153.8484096
5/7/2016,-218.4430764
5/8/2016,-199.1474913
5/9/2016,-325.1055586
5/10/2016,129.1342993
5/11/2016,263.1585805
5/12/2016,-45.96733043
5/13/2016,-55.12030757
5/14/2016,79.65973267
5/15/2016,117.5659615
5/16/2016,130.1074711
5/17/2016,-152.9190248
5/18/2016,234.9415785
5/19/2016,-81.60921711
5/20/2016,112.9013818
5/21/2016,159.4233601
5/22/2016,-300.6623173
5/23/2016,10.26824228
5/24/2016,26.95703413
5/25/2016,-180.536824
5/26/2016,8.617973548
5/27/2016,-71.23650525
5/28/2016,71.0626885
5/29/2016,96.71327999
5/30/2016,-1.259751746
5/31/2016,14.36779731
6/1/2016,201.4466767
6/2/2016,-81.67247749
6/3/2016,-77.47359341
6/4/2016,-217.0142785
6/5/2016,-88.3583106
6/6/2016,103.2007897
6/7/2016,-93.24294214
6/8/2016,217.7105418
6/9/2016,218.1063045
6/10/2016,17.36169192
6/11/2016,-126.4075522
6/12/2016,77.35219271
6/13/2016,-208.0167765
6/14/2016,228.810696
6/15/2016,245.8468787
6/16/2016,-164.3494187
6/17/2016,226.6315675
6/18/2016,75.95568623
6/19/2016,108.0643488
6/20/2016,214.2426373
6/21/2016,-171.7228418
6/22/2016,-77.24782664
6/23/2016,113.990376
6/24/2016,5.50270777
6/25/2016,173.0409844
6/26/2016,89.53673091
6/27/2016,71.94192427
6/28/2016,5.218678721
6/29/2016,1.358572842
6/30/2016,-212.9601939
7/1/2016,-98.9880397
7/2/2016,-48.02759577
7/3/2016,-235.5440058
7/4/2016,-233.6697581
7/5/2016,-118.4489022
7/6/2016,15.28393383
7/7/2016,-27.53159904
7/8/2016,-276.5070017
7/9/2016,-131.5137322
7/10/2016,-377.6876534
7/11/2016,-175.787836
7/12/2016,-28.66696736
7/13/2016,-205.0334212
7/14/2016,-195.7702246
7/15/2016,116.7469275
7/16/2016,-27.74204128
7/17/2016,-300.7660132
7/18/2016,12.66996541
7/19/2016,27.02509487
7/20/2016,-184.3877049
7/21/2016,223.7539497
7/22/2016,98.25646529
7/23/2016,34.35825976
7/24/2016,64.98055369
7/25/2016,-209.1509349
7/26/2016,-73.76424653
7/27/2016,-166.4275361
7/28/2016,-171.2057237
7/29/2016,17.67036039
7/30/2016,52.18899935
7/31/2016,68.6006774
8/1/2016,-237.5923575
8/2/2016,-215.8154546
8/3/2016,210.2349598
8/4/2016,-77.04665682
8/5/2016,8.947576286
8/6/2016,-144.6842093
8/7/2016,69.50624039
8/8/2016,45.2021053
8/9/2016,-67.30556522
8/10/2016,122.2912279
8/11/2016,-51.54068602
8/12/2016,-258.6405306
8/13/2016,-234.6587515
8/14/2016,-284.2630255
8/15/2016,-49.75043851
8/16/2016,-24.51628279
8/17/2016,89.02989437
8/18/2016,103.8094107
8/19/2016,-200.3239928
8/20/2016,-164.9639772
8/21/2016,49.85238213
8/22/2016,72.46011915
8/23/2016,194.9584326
8/24/2016,107.4190222
8/25/2016,-101.2284695
8/26/2016,85.85669463
8/27/2016,-271.2392744
8/28/2016,-53.66618157
8/29/2016,-141.0479981
8/30/2016,69.93975778
8/31/2016,1.743100285
9/1/2016,2.989162864
9/2/2016,-89.06502148
9/3/2016,-229.9201208
9/4/2016,72.9333563
9/5/2016,-220.322381
9/6/2016,5.655207172
9/7/2016,215.8602079
9/8/2016,101.903287
9/9/2016,-205.2121091
9/10/2016,-42.18135906
9/11/2016,-212.101978
9/12/2016,-1.045216548
9/13/2016,-117.1829828
9/14/2016,-107.7074146
9/15/2016,-5.459043349
9/16/2016,-96.55682671
9/17/2016,-42.41662072
9/18/2016,-109.1923782
9/19/2016,85.85710913
9/20/2016,-23.50953817
9/21/2016,-118.5384968
9/22/2016,85.8476529
9/23/2016,-114.8202178
9/24/2016,-262.7239911
9/25/2016,-229.5449724
9/26/2016,74.40000321
9/27/2016,187.6452505
9/28/2016,-148.129043
9/29/2016,41.10836407
9/30/2016,-251.5842423
10/1/2016,-78.24889698
10/2/2016,-324.0668383
10/3/2016,-218.513235
10/4/2016,-217.2251632
10/5/2016,60.22109103
10/6/2016,-31.37797375
10/7/2016,172.4261186
10/8/2016,-266.466161
10/9/2016,-327.5845344
10/10/2016,174.651857
10/11/2016,-226.7378572
10/12/2016,70.7536239
10/13/2016,-133.2100828
10/14/2016,-126.3406868
10/15/2016,-268.0788722
10/16/2016,32.91073072
10/17/2016,-47.1466722
10/18/2016,-109.9504208
10/19/2016,193.4784938
10/20/2016,-111.1454939
10/21/2016,-99.34533866
10/22/2016,168.1058792
10/23/2016,-191.229607
10/24/2016,204.1540483
10/25/2016,-90.74115668
10/26/2016,42.85017123
10/27/2016,-99.15732327
10/28/2016,-97.72061378
10/29/2016,-54.22819761
10/30/2016,69.5604768
10/31/2016,-67.02647619
11/1/2016,-135.3622748
11/2/2016,98.38187365
11/3/2016,-51.79720011
11/4/2016,-263.9566483
11/5/2016,18.33229997
11/6/2016,60.81957882
11/7/2016,-245.846339
11/8/2016,-137.4457936
11/9/2016,50.56276414
11/10/2016,-243.0996677
11/11/2016,-236.7839261
11/12/2016,-74.2845774
11/13/2016,-148.1115598
11/14/2016,164.9242582
11/15/2016,146.3799221
11/16/2016,-228.4348443
11/17/2016,196.5192265
11/18/2016,-99.4824869
11/19/2016,36.79913623
11/20/2016,-326.773289
11/21/2016,78.04474226
11/22/2016,-118.767887
11/23/2016,-16.02841747
11/24/2016,-235.2582109
11/25/2016,-170.4495102
11/26/2016,-202.6144032
11/27/2016,-39.10926878
11/28/2016,-118.7942883
11/29/2016,-11.7746163
11/30/2016,-295.1595368
12/1/2016,-30.60026502
12/2/2016,64.56424784
12/3/2016,120.4319809
12/4/2016,-239.9962001
12/5/2016,-130.0195475
12/6/2016,-18.34439125
12/7/2016,78.34919156
12/8/2016,165.1459471
12/9/2016,-19.35437774
12/10/2016,-263.9080178
12/11/2016,-134.9570023
12/12/2016,-33.85953481
12/13/2016,-134.7544773
12/14/2016,-25.12714743
12/15/2016,-139.1468122
12/16/2016,-260.1508206
12/17/2016,75.7679382
12/18/2016,-172.483155
12/19/2016,22.41746087
12/20/2016,-48.55806917
12/21/2016,-249.2722285
12/22/2016,135.2816933
12/23/2016,-3.259237376
12/24/2016,-326.6163364
12/25/2016,-486.052081
12/26/2016,-238.8619325
12/27/2016,-203.0824281
12/28/2016,120.6067057
12/29/2016,-1.852725701
12/30/2016,-390.4055307
12/31/2016,-258.4034509
1/1/2017,-209.5690183
1/2/2017,-350.6864781
1/3/2017,-2.908782137
1/4/2017,36.97073949
1/5/2017,-262.8512527
1/6/2017,132.8051506
1/7/2017,-10.8633936
1/8/2017,-385.8576815
1/9/2017,9.233755711
1/10/2017,122.8943805
1/11/2017,-286.1971724
1/12/2017,-81.07080107
1/13/2017,134.0496052
1/14/2017,-108.1664055
1/15/2017,-78.00917286
1/16/2017,96.92419124
1/17/2017,-187.7086577
1/18/2017,118.2408984
1/19/2017,-72.98646438
1/20/2017,18.53877782
1/21/2017,74.80627861
1/22/2017,15.62924896
1/23/2017,-93.48533283
1/24/2017,-93.18603185
1/25/2017,-193.1295024
1/26/2017,3.000625594
1/27/2017,-309.0700519
1/28/2017,-379.0584684
1/29/2017,-18.16731916
1/30/2017,-285.988738
1/31/2017,-48.19469148
2/1/2017,-38.21311121
2/2/2017,-260.4110513
2/3/2017,113.5612261
2/4/2017,-237.0042474
2/5/2017,-394.1020088
2/6/2017,-298.258092
2/7/2017,-176.6798637
2/8/2017,-69.61052111
2/9/2017,-68.06278525
2/10/2017,11.8998146
2/11/2017,-347.1140255
2/12/2017,-126.627003
2/13/2017,47.81228489
2/14/2017,-142.5062623
2/15/2017,-137.6933142
2/16/2017,-222.1283581
2/17/2017,-309.2299553
2/18/2017,62.25032049
2/19/2017,-407.1297681
2/20/2017,-191.4242177
2/21/2017,-254.4748885
2/22/2017,-254.3070557
2/23/2017,-138.2355419
2/24/2017,61.99467733
2/25/2017,79.99201374
2/26/2017,-262.9361658
2/27/2017,-158.4450232
2/28/2017,-142.8835707
3/1/2017,-142.7559275
3/2/2017,-48.55004913
3/3/2017,144.8194342
3/4/2017,-14.37880354
3/5/2017,-371.591861
3/6/2017,-160.4275116
3/7/2017,56.35096485
3/8/2017,-237.5573187
3/9/2017,-44.2902307
3/10/2017,53.05616006
3/11/2017,-187.7765213
3/12/2017,-149.5989964
3/13/2017,72.14976731
3/14/2017,-183.7810684
3/15/2017,-102.0196039
3/16/2017,-114.5595524
3/17/2017,-230.2582513
3/18/2017,113.3731999
3/19/2017,-359.1388982
3/20/2017,-252.6092701
3/21/2017,-133.2518062
3/22/2017,102.3418119
3/23/2017,-64.56704569
3/24/2017,145.9102126
3/25/2017,-215.9705361
3/26/2017,108.5677585
3/27/2017,202.5623923
3/28/2017,198.2933192
3/29/2017,-202.8598042
3/30/2017,200.6640421
3/31/2017,101.6066936
4/1/2017,160.7541712
4/2/2017,-233.529036
4/3/2017,-257.3198082
4/4/2017,-147.9686813
4/5/2017,60.25295129
4/6/2017,-24.25503932
4/7/2017,-205.1944839
4/8/2017,-234.104723
4/9/2017,-95.87539475
4/10/2017,-81.3783337
4/11/2017,234.448904
4/12/2017,-111.7356639
4/13/2017,-408.761863
4/14/2017,-372.5354813
4/15/2017,-395.3453102
4/16/2017,-73.68818792
4/17/2017,-7.414121382
4/18/2017,-152.6292808
4/19/2017,266.4861804
4/20/2017,-128.5889141
4/21/2017,-25.36901822
4/22/2017,-187.9385181
4/23/2017,-162.9028931
4/24/2017,-52.09836943
4/25/2017,-130.6603075
4/26/2017,-132.9154946
4/27/2017,-123.3150123
4/28/2017,-77.60299541
4/29/2017,-105.9166702
4/30/2017,-197.0488472
5/1/2017,6.818486478
5/2/2017,52.4141806
5/3/2017,273.7224564
5/4/2017,174.7257773
5/5/2017,67.36923349
5/6/2017,-88.55559833
5/7/2017,40.15683823
5/8/2017,-145.4032703
5/9/2017,-18.26455259
5/10/2017,-107.92255
5/11/2017,-118.8658577
5/12/2017,85.70842083
5/13/2017,-163.6900998
5/14/2017,-252.2095442
5/15/2017,268.2892863
5/16/2017,294.2386211
5/17/2017,-9.262440931
5/18/2017,-14.46031641
5/19/2017,-112.3519448
5/20/2017,-81.52709561
5/21/2017,148.8419286
5/22/2017,-41.40527972
5/23/2017,272.3045903
5/24/2017,-121.6038112
5/25/2017,-143.0218172
5/26/2017,-49.02752573
5/27/2017,-108.0970948
5/28/2017,-272.7497938
5/29/2017,250.5203975
5/30/2017,-141.8277386
5/31/2017,-40.28875287
6/1/2017,81.13795775
6/2/2017,87.06929417
6/3/2017,-168.568796
6/4/2017,-143.7485569
6/5/2017,162.0243619
6/6/2017,181.2710364
6/7/2017,268.1366107
6/8/2017,-26.46764226
6/9/2017,-154.5031278
6/10/2017,-52.59306454
6/11/2017,-112.9713184
6/12/2017,-190.9340936
6/13/2017,151.0813971
6/14/2017,290.2505887
6/15/2017,276.0531742
6/16/2017,-34.2923637
6/17/2017,-63.3969232
6/18/2017,-139.6053891
6/19/2017,-39.04631433
6/20/2017,177.0567676
6/21/2017,73.36513844
6/22/2017,255.6059347
6/23/2017,-150.3087678
6/24/2017,-190.9153452
6/25/2017,-70.42567573
6/26/2017,-258.756756
6/27/2017,143.0696268
6/28/2017,143.2173081
6/29/2017,33.30001048
6/30/2017,238.1171797
7/1/2017,93.03659331
7/2/2017,15.20179522
7/3/2017,197.4293059
7/4/2017,-85.37524304
7/5/2017,17.31868827
7/6/2017,133.1875606
7/7/2017,246.9860739
7/8/2017,-109.8717364
7/9/2017,105.0024765
7/10/2017,-76.85885629
7/11/2017,-167.2130329
7/12/2017,-170.9816023
7/13/2017,19.58385384
7/14/2017,113.1215997
7/15/2017,-133.2270451
7/16/2017,-5.340112378
7/17/2017,-174.3882206
7/18/2017,-158.1978777
7/19/2017,-81.40151349
7/20/2017,11.5736224
7/21/2017,121.1269351
7/22/2017,-27.98908521
7/23/2017,-198.0804081
7/24/2017,15.57872291
7/25/2017,-69.65232742
7/26/2017,-109.8164276
7/27/2017,-132.7951484
7/28/2017,-23.48906024
7/29/2017,-247.1004362
7/30/2017,-0.384953901
7/31/2017,20.9120937
8/1/2017,259.1218079
8/2/2017,135.4116829
8/3/2017,-177.146749
8/4/2017,-71.48426472
8/5/2017,-210.6922789
8/6/2017,-269.8210318
8/7/2017,-147.2398254
8/8/2017,-33.40566118
8/9/2017,74.54696713
8/10/2017,185.6659096
8/11/2017,-15.38253111
8/12/2017,124.0345448
8/13/2017,133.9239794
8/14/2017,139.1789821
8/15/2017,273.7105715
8/16/2017,-17.8195934
8/17/2017,-108.664436
8/18/2017,178.4058713
8/19/2017,-114.2286827
8/20/2017,101.9684677
8/21/2017,109.3158157
8/22/2017,196.5895626
8/23/2017,-71.41612348
8/24/2017,27.54506375
8/25/2017,-9.236819846
8/26/2017,33.47971736
8/27/2017,-312.2191573
8/28/2017,-95.82526281
8/29/2017,-92.29943318
8/30/2017,235.1143555
8/31/2017,-77.40489887
9/1/2017,149.9895938
9/2/2017,167.9483943
9/3/2017,-66.00512047
9/4/2017,44.26233709
9/5/2017,-73.61907064
9/6/2017,143.6189112
9/7/2017,167.933023
9/8/2017,189.7911816
9/9/2017,-66.06942779
9/10/2017,-236.4511481
9/11/2017,-79.79929025
9/12/2017,-168.6614937
9/13/2017,11.96462026
9/14/2017,44.34623575
9/15/2017,252.3986241
9/16/2017,-186.5640523
9/17/2017,-252.1526427
9/18/2017,-156.0828317
9/19/2017,53.09372774
9/20/2017,244.23273
9/21/2017,146.3378191
9/22/2017,-147.2516299
9/23/2017,-232.7237222
9/24/2017,-179.9946907
9/25/2017,226.5196976
9/26/2017,20.61535008
9/27/2017,-156.7844336
9/28/2017,54.68859325
9/29/2017,137.0346103
9/30/2017,-124.2879295
10/1/2017,-310.8196776
10/2/2017,197.5822655
10/3/2017,19.70075613
10/4/2017,-64.61514062
10/5/2017,135.5381472
10/6/2017,32.56608561
10/7/2017,-215.5633169
10/8/2017,-108.3261067
10/9/2017,-114.6150811
10/10/2017,-188.0138484
10/11/2017,30.98507232
10/12/2017,146.2534236
10/13/2017,137.3850186
10/14/2017,-44.23757625
10/15/2017,-107.3432093
10/16/2017,201.9435894
10/17/2017,226.6949534
10/18/2017,146.8883338
10/19/2017,-78.84839631
10/20/2017,-66.27236335
10/21/2017,2.297495024
10/22/2017,-264.6896478
10/23/2017,-73.5632732
10/24/2017,-72.58142215
10/25/2017,117.0021721
10/26/2017,-78.2142568
10/27/2017,-170.6318512
10/28/2017,-107.7644581
10/29/2017,-178.462737
10/30/2017,-227.5808221
10/31/2017,-55.68061581
11/1/2017,-60.45472877
11/2/2017,90.42727359
11/3/2017,-19.78681377
11/4/2017,-269.0095532
11/5/2017,-227.5507968
11/6/2017,206.7821714
11/7/2017,138.3579528
11/8/2017,48.10295186
11/9/2017,-7.3900492
11/10/2017,-113.8757125
11/11/2017,175.5638632
11/12/2017,-99.75346176
11/13/2017,-144.7976187
11/14/2017,-20.05322775
11/15/2017,190.986413
11/16/2017,-172.4017481
11/17/2017,109.9770298
11/18/2017,-14.70429539
11/19/2017,-169.8932021
11/20/2017,-65.93078822
11/21/2017,47.75999696
11/22/2017,-53.44215438
11/23/2017,-58.63769432
11/24/2017,-172.5451836
11/25/2017,-17.4161612
11/26/2017,-183.4951247
11/27/2017,223.1958542
11/28/2017,146.8048192
11/29/2017,-55.1833119
11/30/2017,-139.627018
12/1/2017,28.33299116
12/2/2017,88.2819848
12/3/2017,-71.02203406
12/4/2017,131.3861811
12/5/2017,32.7284513
12/6/2017,-73.27151121
12/7/2017,133.1146032
12/8/2017,-192.6619147
12/9/2017,-230.1662039
12/10/2017,-195.7309484
12/11/2017,1.747521641
12/12/2017,204.5227562
12/13/2017,4.823886328
12/14/2017,193.4795244
12/15/2017,154.4446206
12/16/2017,-227.4815242
12/17/2017,-384.8394058
12/18/2017,-286.4531199
12/19/2017,-248.6488337
12/20/2017,-133.8235378
12/21/2017,50.21475408
12/22/2017,131.2902681
12/23/2017,-137.1222646
12/24/2017,-1.640241084
12/25/2017,-441.9554333
12/26/2017,-234.6830956
12/27/2017,106.8065648
12/28/2017,-87.87691641
12/29/2017,-23.01883616
12/30/2017,-324.5477114
12/31/2017,-374.5397015
1/1/2018,-212.5197016
1/2/2018,-187.5630934
1/3/2018,102.7799019
1/4/2018,153.1799441
1/5/2018,-217.3139104
1/6/2018,48.28822726
1/7/2018,-16.93694926
1/8/2018,196.3455951
1/9/2018,16.90553672
1/10/2018,114.64587
1/11/2018,-114.9506193
1/12/2018,-251.7685221
1/13/2018,-7.854450796
1/14/2018,-272.4827182
1/15/2018,40.63786546
1/16/2018,-139.269944
1/17/2018,-247.3255977
1/18/2018,-218.613952
1/19/2018,-228.377835
1/20/2018,-74.3367077
1/21/2018,66.28594205
1/22/2018,-125.2119068
1/23/2018,189.5146413
1/24/2018,-217.811202
1/25/2018,191.7221677
1/26/2018,204.1955277
1/27/2018,-275.1095223
1/28/2018,-61.14054424
1/29/2018,-247.1100629
1/30/2018,-122.529508
1/31/2018,69.55384739
2/1/2018,180.7748094
2/2/2018,-12.70250537
2/3/2018,-182.7211421
2/4/2018,-354.6609557
2/5/2018,147.204358
2/6/2018,-52.37343417
2/7/2018,153.0915512
2/8/2018,-146.4255145
2/9/2018,-235.4699137
2/10/2018,-168.1966333
2/11/2018,-218.6185053
2/12/2018,-19.45931207
2/13/2018,83.84962129
2/14/2018,-28.28818401
2/15/2018,4.286337236
2/16/2018,-139.2947578
2/17/2018,-228.9830278
2/18/2018,0.479133528
2/19/2018,-193.0025284
2/20/2018,-64.59878172
2/21/2018,-158.3986521
2/22/2018,-50.63277282
2/23/2018,-171.12903
2/24/2018,-123.0403876
2/25/2018,-1.167749471
2/26/2018,112.0108582
2/27/2018,229.3995369
2/28/2018,41.32856368
3/1/2018,158.3884395
3/2/2018,263.3060076
3/3/2018,212.7815128
3/4/2018,-265.4980557
3/5/2018,243.9501625
3/6/2018,277.2428309
3/7/2018,-124.8658931
3/8/2018,255.6145176
3/9/2018,16.39985169
3/10/2018,148.0326525
3/11/2018,-39.24280439
3/12/2018,-26.79419717
3/13/2018,-190.3583963
3/14/2018,212.3113513
3/15/2018,-74.0629733
3/16/2018,150.7852435
3/17/2018,103.5020852
3/18/2018,-173.8316451
3/19/2018,29.78828987
3/20/2018,-38.53781082
3/21/2018,-136.1128667
3/22/2018,-78.3698111
3/23/2018,-193.8216125
3/24/2018,-61.80324742
3/25/2018,-35.10975201
3/26/2018,-36.39291624
3/27/2018,72.31301652
3/28/2018,-57.61963781
3/29/2018,-420.0405061
3/30/2018,-377.3855309
3/31/2018,-325.8980254
4/1/2018,-193.1412216
4/2/2018,69.10848637
4/3/2018,211.133186
4/4/2018,217.8054374
4/5/2018,-185.926157
4/6/2018,24.99794227
4/7/2018,86.18522245
4/8/2018,-298.265676
4/9/2018,115.0052508
4/10/2018,43.83592338
4/11/2018,270.6613643
4/12/2018,88.1798944
4/13/2018,91.88782728
4/14/2018,39.79323754
4/15/2018,-227.4094325
4/16/2018,280.3163923
4/17/2018,86.73121125
4/18/2018,-121.8285689
4/19/2018,-19.64858735
4/20/2018,84.23340285
4/21/2018,242.7284104
4/22/2018,-21.26470792
4/23/2018,196.3511301
4/24/2018,125.0963885
4/25/2018,223.6083346
4/26/2018,221.8459684
4/27/2018,211.7164781
4/28/2018,-147.6403721
4/29/2018,-21.12785502
4/30/2018,271.8208454
5/1/2018,-114.9198371
5/2/2018,-91.63275327
5/3/2018,229.6254413
5/4/2018,28.1834783
5/5/2018,35.21682693
5/6/2018,-232.4808372
5/7/2018,8.162457315
5/8/2018,-66.19577606
5/9/2018,333.8161653
5/10/2018,122.6700925
5/11/2018,113.872653
5/12/2018,159.2725004
5/13/2018,-213.4947008
5/14/2018,166.4876367
5/15/2018,-95.51789723
5/16/2018,31.41646586
5/17/2018,143.1796233
5/18/2018,144.8154681
5/19/2018,179.8169577
5/20/2018,2.155941268
5/21/2018,321.4992266
5/22/2018,230.8049275
5/23/2018,347.51295
5/24/2018,-58.37567119
5/25/2018,11.19232424
5/26/2018,159.8378718
5/27/2018,98.24700843
5/28/2018,43.11895832
5/29/2018,64.11643231
5/30/2018,342.9457642
5/31/2018,-59.44690449
6/1/2018,347.0055765
6/2/2018,181.63182
6/3/2018,174.4263197
6/4/2018,218.7634521
6/5/2018,247.5878278
6/6/2018,-95.2936522
6/7/2018,274.0178849
6/8/2018,260.6280213
6/9/2018,-129.7433395
6/10/2018,-229.8774893
6/11/2018,-267.9370998
6/12/2018,-313.4859836
6/13/2018,-133.5479255
6/14/2018,-2.21013485
6/15/2018,152.6959469
6/16/2018,153.1202032
6/17/2018,106.5435023
6/18/2018,-156.6478868
6/19/2018,-111.3935487
6/20/2018,-7.93127041
6/21/2018,164.8716254
6/22/2018,246.6296299
6/23/2018,112.3676964
6/24/2018,-256.9474002
6/25/2018,-157.2982965
6/26/2018,-70.59844255
6/27/2018,142.5194341
6/28/2018,-28.20502553
6/29/2018,286.636571
6/30/2018,26.91854183
7/1/2018,-66.43232389
7/2/2018,245.6645174
7/3/2018,-121.8035448
7/4/2018,81.3885072
7/5/2018,-14.72078095
7/6/2018,-16.04878122
7/7/2018,-179.0440344
7/8/2018,-174.6779469
7/9/2018,226.8606751
7/10/2018,-47.53019625
7/11/2018,-146.8461517
7/12/2018,-155.1807717
7/13/2018,142.9060207
7/14/2018,-207.502134
7/15/2018,-285.9221876
7/16/2018,108.7493974
7/17/2018,-220.4846871
7/18/2018,-3.55714962
7/19/2018,-177.7959335
7/20/2018,204.8518766
7/21/2018,-35.16219784
7/22/2018,-34.82845778
7/23/2018,-137.4516764
7/24/2018,-90.27317233
7/25/2018,136.7401674
7/26/2018,-171.4080749
7/27/2018,206.639968
7/28/2018,-127.3033148
7/29/2018,-280.4585998
7/30/2018,145.664712
7/31/2018,-127.3957589
8/1/2018,79.71936214
8/2/2018,172.6263974
8/3/2018,159.8910302
8/4/2018,5.283852531
8/5/2018,-79.32330496
8/6/2018,-64.76360654
8/7/2018,153.7671467
8/8/2018,-149.1589343
8/9/2018,-50.42916035
8/10/2018,-65.22583159
8/11/2018,-143.6363434
8/12/2018,-127.3001561
8/13/2018,-33.81382358
8/14/2018,-94.67051294
8/15/2018,-158.1073496
8/16/2018,164.6926016
8/17/2018,-145.6911034
8/18/2018,-116.9584748
8/19/2018,-284.8595606
8/20/2018,187.2391119
8/21/2018,-61.65212208
8/22/2018,247.6222136
8/23/2018,71.05283434
8/24/2018,167.7261699
8/25/2018,-86.86523507
8/26/2018,-173.4171511
8/27/2018,37.20588454
8/28/2018,265.1996297
8/29/2018,-13.88212265
8/30/2018,84.89271417
8/31/2018,-137.4854716
9/1/2018,-107.3349794
9/2/2018,129.6393916
9/3/2018,225.9837672
9/4/2018,49.48989891
9/5/2018,-51.40821509
9/6/2018,-162.5859263
9/7/2018,121.6850236
9/8/2018,202.5077877
9/9/2018,-148.4847898
9/10/2018,265.0009107
9/11/2018,73.90260134
9/12/2018,-31.05299065
9/13/2018,75.96135815
9/14/2018,39.26819576
9/15/2018,-118.2071056
9/16/2018,-211.8307022
9/17/2018,212.4797095
9/18/2018,-48.81626019
9/19/2018,66.36222584
9/20/2018,-126.3286769
9/21/2018,148.1497006
9/22/2018,218.8643637
9/23/2018,-142.3205253
9/24/2018,175.895965
9/25/2018,103.4092172
9/26/2018,2.97254104
9/27/2018,196.1422629
9/28/2018,93.78374686
9/29/2018,-55.48078946
9/30/2018,-129.8768212
10/1/2018,185.4125411
10/2/2018,182.8029521
10/3/2018,279.6380234
10/4/2018,181.9935523
10/5/2018,-119.3643073
10/6/2018,-164.231131
10/7/2018,-31.30822203
10/8/2018,-121.4442956
10/9/2018,3.234091903
10/10/2018,6.223955566
10/11/2018,308.9878135
10/12/2018,317.2314033
10/13/2018,-132.5556934
10/14/2018,179.5484357
10/15/2018,65.17791902
10/16/2018,-117.6458878
10/17/2018,-6.624571362
10/18/2018,302.9987935
10/19/2018,295.5819675
10/20/2018,-51.72930533
10/21/2018,-48.74158145
10/22/2018,-133.4814111
10/23/2018,186.8035362
10/24/2018,-115.6186871
10/25/2018,93.36767288
10/26/2018,192.4861745
10/27/2018,-64.63902266
10/28/2018,-31.55815796
10/29/2018,222.023149
10/30/2018,121.6255818
10/31/2018,117.4489744
11/1/2018,66.25593755
11/2/2018,-190.5301061
11/3/2018,63.8494807
11/4/2018,-152.1937532
11/5/2018,-30.69453882
11/6/2018,296.6460789
11/7/2018,187.2969794
11/8/2018,183.0680744
11/9/2018,62.90399566
11/10/2018,12.67742328
11/11/2018,138.898795
11/12/2018,-40.49781154
11/13/2018,286.4766562
11/14/2018,-11.36164086
11/15/2018,291.417458
11/16/2018,-117.5377034
11/17/2018,224.0240517
11/18/2018,-255.6532282
11/19/2018,-153.2691333
11/20/2018,56.09742018
11/21/2018,34.48086947
11/22/2018,154.7427973
11/23/2018,163.8775554
11/24/2018,-90.85359704
11/25/2018,-168.954219
11/26/2018,-61.22655756
11/27/2018,62.95605561
11/28/2018,51.4608738
11/29/2018,258.8547602
11/30/2018,153.1055961
12/1/2018,61.66392615
12/2/2018,-276.5526806
12/3/2018,-49.80659649
12/4/2018,66.92001329
12/5/2018,79.99321814
12/6/2018,-114.6931253
12/7/2018,172.6315336
12/8/2018,89.29705305
12/9/2018,136.781234
12/10/2018,-148.3600803
12/11/2018,179.675366
12/12/2018,-18.02955142
12/13/2018,161.6101373
12/14/2018,-70.77923457
12/15/2018,167.1314277
12/16/2018,14.26948732
12/17/2018,117.7778553
12/18/2018,137.8206566
12/19/2018,-167.3137645
12/20/2018,212.8077665
12/21/2018,103.3023776
12/22/2018,-161.7177877
12/23/2018,-157.5089909
12/24/2018,-320.3185528
12/25/2018,-140.0801737
12/26/2018,-214.0174274
12/27/2018,-261.5209924
12/28/2018,-85.98394906
12/29/2018,-189.7404642
12/30/2018,-49.4931752
12/31/2018,-476.6341294
1/1/2019,-492.9756015
1/2/2019,47.50004117
1/3/2019,150.6791784
1/4/2019,176.5438515
1/5/2019,-260.1496417
1/6/2019,-21.62233845
1/7/2019,-33.89877434
1/8/2019,-6.822409406
1/9/2019,102.8443761
1/10/2019,9.283043533
1/11/2019,215.2986354
1/12/2019,170.0480373
1/13/2019,86.54923574
1/14/2019,187.4199002
1/15/2019,-92.37585306
1/16/2019,-192.8779971
1/17/2019,-106.6163454
1/18/2019,189.5721519
1/19/2019,-49.63449959
1/20/2019,-212.2639856
1/21/2019,-17.11509826
1/22/2019,-85.31614606
1/23/2019,-91.0016922
1/24/2019,-184.4313132
1/25/2019,108.3808726
1/26/2019,-62.34017602
1/27/2019,42.72194141
1/28/2019,128.5375783
1/29/2019,-156.1325999
1/30/2019,-143.6864107
1/31/2019,-236.4718833
2/1/2019,-40.62258375
2/2/2019,-175.6851371
2/3/2019,-332.5034093
2/4/2019,166.7087027
2/5/2019,-183.1658515
2/6/2019,-208.7507685
2/7/2019,98.29620489
2/8/2019,107.2468967
2/9/2019,70.42853822
2/10/2019,2.17343266
2/11/2019,7.930066649
2/12/2019,213.5667244
2/13/2019,-93.16895034
2/14/2019,-104.3000364
2/15/2019,-5.076798837
2/16/2019,-138.6668903
2/17/2019,-206.8991691
2/18/2019,202.583615
2/19/2019,-77.82272909
2/20/2019,-181.5855797
2/21/2019,213.2196029
2/22/2019,-186.0495031
2/23/2019,161.8649388
2/24/2019,78.67683388
2/25/2019,-296.1290124
2/26/2019,1.289525274
2/27/2019,106.7069411
2/28/2019,-192.5356443
3/1/2019,110.111274
3/2/2019,-235.361948
3/3/2019,-300.6506815
3/4/2019,239.4311553
3/5/2019,253.8630102
3/6/2019,-137.5427629
3/7/2019,174.9953387
3/8/2019,-33.57246408
3/9/2019,108.1475447
3/10/2019,126.1545065
3/11/2019,247.0410949
3/12/2019,288.9065072
3/13/2019,-109.8270994
3/14/2019,-14.8072826
3/15/2019,85.15717289
3/16/2019,-184.5472984
3/17/2019,-255.0133401
3/18/2019,160.0039459
3/19/2019,-116.168097
3/20/2019,87.1727752
3/21/2019,290.0179047
3/22/2019,-15.95543648
3/23/2019,30.24706137
3/24/2019,-53.85464306
3/25/2019,-145.0238145
3/26/2019,175.468967
3/27/2019,191.0341715
3/28/2019,109.5160287
3/29/2019,313.2010987
3/30/2019,-49.42345009
3/31/2019,63.1588339
4/1/2019,-121.0751168
4/2/2019,193.0826665
4/3/2019,209.2165053
4/4/2019,15.40169699
4/5/2019,228.5849858
4/6/2019,189.8819727
4/7/2019,222.420346
4/8/2019,123.4601571
4/9/2019,160.2286745
4/10/2019,149.2562744
4/11/2019,354.7012445
4/12/2019,342.5443005
4/13/2019,18.17162353
4/14/2019,-57.04375858
4/15/2019,237.3213648
4/16/2019,45.94755529
4/17/2019,206.2621367
4/18/2019,-92.1808115
4/19/2019,-166.2507468
4/20/2019,-287.1895983
4/21/2019,-45.2257513
4/22/2019,135.0994494
4/23/2019,-55.94957863
4/24/2019,271.4234729
4/25/2019,164.5155833
4/26/2019,166.7454516
4/27/2019,200.9672011
4/28/2019,224.9428027
4/29/2019,42.12504362
4/30/2019,-44.60220107
5/1/2019,65.44049853
5/2/2019,274.406579
5/3/2019,173.1790841
5/4/2019,308.9897111
5/5/2019,-160.2804266
5/6/2019,139.675197
5/7/2019,145.8172704
5/8/2019,239.7490253
5/9/2019,238.0539866
5/10/2019,343.5046906
5/11/2019,-10.80708704
5/12/2019,206.0111035
5/13/2019,87.82237669
5/14/2019,-38.64196231
5/15/2019,0.742398452
5/16/2019,298.4141588
5/17/2019,-7.722494326
5/18/2019,-57.95579444
5/19/2019,-26.20630245
5/20/2019,-15.04718546
5/21/2019,-10.79525398
5/22/2019,162.3995777
5/23/2019,-37.98973746
5/24/2019,160.9560669
5/25/2019,-137.5798716
5/26/2019,-201.1254106
5/27/2019,92.80085512
5/28/2019,41.14396771
5/29/2019,143.654523
5/30/2019,54.77994417
5/31/2019,270.1722778
6/1/2019,220.5454837
6/2/2019,154.5727887
6/3/2019,379.0967293
6/4/2019,302.2976106
6/5/2019,212.6430767
6/6/2019,-10.24002644
6/7/2019,100.6313816
6/8/2019,240.7050499
6/9/2019,-30.7976776
6/10/2019,361.1304836
6/11/2019,283.4357468
6/12/2019,288.7266494
6/13/2019,88.24842869
6/14/2019,282.0488403
6/15/2019,102.634955
6/16/2019,-66.96000723
6/17/2019,373.2614243
6/18/2019,406.069224
6/19/2019,89.02594474
6/20/2019,-1.955584071
6/21/2019,-3.018301063
6/22/2019,-53.95573958
6/23/2019,-42.75050656
6/24/2019,141.546102
6/25/2019,55.5234514
6/26/2019,-55.04071229
6/27/2019,108.9559
6/28/2019,-120.4312815
6/29/2019,-196.0513952
6/30/2019,-52.39703798
7/1/2019,23.43943379
7/2/2019,150.8638322
7/3/2019,-91.06060148
7/4/2019,236.1361567
7/5/2019,49.20650818
7/6/2019,-14.72157002
7/7/2019,12.83719421
7/8/2019,230.705883
7/9/2019,261.1051267
7/10/2019,368.9826845
7/11/2019,371.384227
7/12/2019,256.7736926
7/13/2019,301.6121411
7/14/2019,105.0906033
7/15/2019,-25.08385912
7/16/2019,283.1560224
7/17/2019,-143.0764637
7/18/2019,71.66939996
7/19/2019,-93.41508214
7/20/2019,-111.7285843
7/21/2019,-88.35801706
7/22/2019,94.89564066
7/23/2019,14.37563999
7/24/2019,129.7897204
7/25/2019,-68.62739658
7/26/2019,-78.1314748
7/27/2019,-146.8991205
7/28/2019,145.2605197
7/29/2019,64.51384853
7/30/2019,-31.59091051
7/31/2019,-27.32831036
8/1/2019,288.1401903
8/2/2019,-56.04730997
8/3/2019,-134.1368875
8/4/2019,10.74757084
8/5/2019,-155.6284885
8/6/2019,277.1160788
8/7/2019,-128.6793675
8/8/2019,-140.5100451
8/9/2019,240.889495
8/10/2019,-184.4708823
8/11/2019,-36.7867066
8/12/2019,-13.97424553
8/13/2019,106.7777051
8/14/2019,239.5369384
8/15/2019,34.09642007
8/16/2019,142.6540574
8/17/2019,200.6746057
8/18/2019,221.3583782
8/19/2019,327.0093642
8/20/2019,-43.88586845
8/21/2019,54.13797847
8/22/2019,290.9848952
8/23/2019,73.91587872
8/24/2019,103.5770974
8/25/2019,121.0244078
8/26/2019,-57.430133
8/27/2019,131.2420782
8/28/2019,279.6924385
8/29/2019,280.3872037
8/30/2019,273.7149428
8/31/2019,-183.2332245
9/1/2019,-59.71441258
9/2/2019,-150.212339
9/3/2019,-138.6910505
9/4/2019,1.711117163
9/5/2019,-71.95309953
9/6/2019,30.88412149
9/7/2019,77.20049335
9/8/2019,-197.243672
9/9/2019,-122.5987615
9/10/2019,267.9974026
9/11/2019,81.0817775
9/12/2019,-150.3661047
9/13/2019,164.705661
9/14/2019,235.6103365
9/15/2019,-162.8267863
9/16/2019,223.8867843
9/17/2019,-147.3122309
9/18/2019,159.2755401
9/19/2019,-148.5138035
9/20/2019,-57.78804475
9/21/2019,197.7277843
9/22/2019,55.18332811
9/23/2019,-104.3911665
9/24/2019,220.7127411
9/25/2019,12.49582642
9/26/2019,27.98620506
9/27/2019,43.23547653
9/28/2019,100.0648242
9/29/2019,123.2029083
9/30/2019,14.1575396
10/1/2019,-55.44164299
10/2/2019,-88.84245591
10/3/2019,290.4982639
10/4/2019,91.89560332
10/5/2019,-148.0378017
10/6/2019,-15.93058228
10/7/2019,-1.732689112
10/8/2019,323.2662987
10/9/2019,-66.26377533
10/10/2019,29.84094378
10/11/2019,29.62983479
10/12/2019,-27.10006544
10/13/2019,81.00228679
10/14/2019,297.4733554
10/15/2019,215.138876
10/16/2019,121.3718762
10/17/2019,330.0974065
10/18/2019,133.6410185
10/19/2019,283.8355689
10/20/2019,96.67266141
10/21/2019,14.60903006
10/22/2019,-62.24110982
10/23/2019,-50.26125013
10/24/2019,348.55562
10/25/2019,240.351283
10/26/2019,72.75454317
10/27/2019,-202.3498519
10/28/2019,293.9697747
10/29/2019,104.4975129
10/30/2019,292.8937936
10/31/2019,42.81462048
11/1/2019,-126.2069054
11/2/2019,-107.1892293
11/3/2019,-269.9907032
11/4/2019,192.7907112
11/5/2019,230.3745266
11/6/2019,103.1411781
11/7/2019,84.29905517
11/8/2019,1.042008634
11/9/2019,165.0697644
11/10/2019,-119.6765657
11/11/2019,189.4536424
11/12/2019,97.02508024
11/13/2019,75.34239868
11/14/2019,282.8850254
11/15/2019,203.0118414
11/16/2019,278.3596347
11/17/2019,101.0305457
11/18/2019,-74.09417495
11/19/2019,350.7258944
11/20/2019,346.3475011
11/21/2019,329.7781233
11/22/2019,-99.90661252
11/23/2019,-50.06506584
11/24/2019,85.08439851
11/25/2019,279.3684848
11/26/2019,291.8652604
11/27/2019,5.22621464
11/28/2019,305.9527216
11/29/2019,-128.0537487
11/30/2019,142.4662693
12/1/2019,12.86765116
12/2/2019,34.19761048
12/3/2019,132.3578698
12/4/2019,148.2144701
12/5/2019,-1.258910607
12/6/2019,-98.35904652
12/7/2019,244.2522857
12/8/2019,-263.0090139
12/9/2019,137.6335919
12/10/2019,264.9233874
12/11/2019,175.1824427
12/12/2019,176.1199997
12/13/2019,278.5272324
12/14/2019,226.5337279
12/15/2019,170.2704899
12/16/2019,-8.847108498
12/17/2019,297.7489341
12/18/2019,190.1769671
12/19/2019,-108.9905808
12/20/2019,-22.11574414
12/21/2019,-89.26731375
12/22/2019,-159.0944371
12/23/2019,-141.7996558
12/24/2019,52.70264286
12/25/2019,-408.9272222
12/26/2019,-69.41129134
12/27/2019,188.1646427
12/28/2019,-246.3050306
12/29/2019,-9.260734939
12/30/2019,72.30291753
12/31/2019,-179.6302003
1/1/2020,-117.3881402
1/2/2020,22.45236018
1/3/2020,-223.2781173
1/4/2020,-244.6925881
1/5/2020,-188.5901827
1/6/2020,139.2278129
1/7/2020,259.0499831
1/8/2020,162.2221738
1/9/2020,51.93542997
1/10/2020,147.7163044
1/11/2020,108.4035118
1/12/2020,127.5068883
1/13/2020,47.89807932
1/14/2020,-97.30998664
1/15/2020,-67.42062814
1/16/2020,158.7844076
1/17/2020,-121.8307099
1/18/2020,130.2450459
1/19/2020,-262.0962535
1/20/2020,-173.8222369
1/21/2020,-66.06674873
1/22/2020,136.0892678
1/23/2020,-55.68834729
1/24/2020,23.18606776
1/25/2020,23.59989547
1/26/2020,25.96839251
1/27/2020,258.385327
1/28/2020,-26.71956197
1/29/2020,161.4879403
1/30/2020,249.7058818
1/31/2020,-91.34210495
2/1/2020,-49.12842985
2/2/2020,65.50753932
2/3/2020,-160.4089249
2/4/2020,-28.17662905
2/5/2020,-82.77584611
2/6/2020,-156.5295154
2/7/2020,250.7354196
2/8/2020,103.9603192
2/9/2020,-290.6758638
2/10/2020,-213.8046438
2/11/2020,6.011309527
2/12/2020,-180.9263831
2/13/2020,-83.63048999
2/14/2020,-63.25061408
2/15/2020,211.4671752
2/16/2020,-264.7199698
2/17/2020,137.0401205
2/18/2020,153.4596476
2/19/2020,136.6329552
2/20/2020,19.5320772
2/21/2020,125.0716831
2/22/2020,-217.3200506
2/23/2020,-179.3342081
2/24/2020,133.8209174
2/25/2020,-7.270946378
2/26/2020,249.5068764
2/27/2020,-144.2623664
2/28/2020,-50.86813209
2/29/2020,109.767004
3/1/2020,-263.4756717
3/2/2020,47.1290765
3/3/2020,73.51571681
3/4/2020,-18.37643649
3/5/2020,-15.5443828
3/6/2020,189.4873781
3/7/2020,-33.41198012
3/8/2020,221.3203352
3/9/2020,256.0087187
3/10/2020,188.4671046
3/11/2020,-39.65903527
3/12/2020,32.02463053
3/13/2020,26.29906845
3/14/2020,171.5062281
3/15/2020,-23.70685071
3/16/2020,-185.0805282
3/17/2020,103.2988485
3/18/2020,-33.6952824
3/19/2020,-247.7888179
3/20/2020,-241.1476484
3/21/2020,-160.9094831
3/22/2020,-269.5020056
3/23/2020,-346.5340495
3/24/2020,-356.2833699
3/25/2020,-267.9490716
3/26/2020,-65.63514823
3/27/2020,-251.8572694
3/28/2020,-357.3079252
3/29/2020,-272.6709052
3/30/2020,51.49873147
3/31/2020,-44.10906926
4/1/2020,-230.3404939
4/2/2020,-329.751532
4/3/2020,-245.2985155
4/4/2020,-358.2365884
4/5/2020,-385.7524314
4/6/2020,-241.5461783
4/7/2020,-220.7844794
4/8/2020,-319.6001592
4/9/2020,18.65843221
4/10/2020,-110.1459467
4/11/2020,13.77799053
4/12/2020,-276.1034828
4/13/2020,-337.2438931
4/14/2020,55.9233874
4/15/2020,-22.43870806
4/16/2020,-101.8605417
4/17/2020,-301.2993305
4/18/2020,-111.2519894
4/19/2020,-337.3938465
4/20/2020,-81.74986716
4/21/2020,-267.1880653
4/22/2020,-252.5114482
4/23/2020,-255.3724435
4/24/2020,142.8645394
4/25/2020,-283.7410031
4/26/2020,-213.8159451
4/27/2020,-175.316689
4/28/2020,-70.1517367
4/29/2020,-70.20045972
4/30/2020,132.7261892
5/1/2020,-202.6256214
5/2/2020,-93.36628705
5/3/2020,-221.0312165
5/4/2020,-137.7283249
5/5/2020,-0.860973414
5/6/2020,116.5479678
5/7/2020,-76.70944917
5/8/2020,-176.2097972
5/9/2020,-106.3304346
5/10/2020,-159.6777836
5/11/2020,-96.57322236
5/12/2020,126.280931
5/13/2020,-168.9437784
5/14/2020,203.5603037
5/15/2020,-209.1039904
5/16/2020,-121.8364269
5/17/2020,-293.0003881
5/18/2020,208.8583132
5/19/2020,-179.2409571
5/20/2020,-57.09897927
5/21/2020,163.1787358
5/22/2020,-134.7087647
5/23/2020,206.9318859
5/24/2020,28.92056753
5/25/2020,169.3571699
5/26/2020,35.6015293
5/27/2020,-58.28482305
5/28/2020,234.8733213
5/29/2020,-166.2988909
5/30/2020,-89.32153558
5/31/2020,58.66385648
6/1/2020,258.1988942
6/2/2020,288.2034126
6/3/2020,202.6180276
6/4/2020,-83.1919688
6/5/2020,-79.40585219
6/6/2020,-123.8302411
6/7/2020,12.56587529
6/8/2020,-5.024624711
6/9/2020,207.266542
6/10/2020,-123.2496427
6/11/2020,237.9922808
6/12/2020,136.9892989
6/13/2020,68.88212382
6/14/2020,-147.1843653
6/15/2020,137.4413022
6/16/2020,-19.02948781
6/17/2020,1.978005851
6/18/2020,215.1187315
6/19/2020,254.1755803
6/20/2020,-2.087298972
6/21/2020,157.8296563
6/22/2020,78.52156117
6/23/2020,113.8463157
6/24/2020,-98.70212248
6/25/2020,-100.9747472
6/26/2020,186.5416633
6/27/2020,32.51226434
6/28/2020,-257.8020422
6/29/2020,-163.2259563
6/30/2020,-29.33070248
7/1/2020,79.22129089
7/2/2020,301.7721257
7/3/2020,1.48189113
7/4/2020,22.78070366
7/5/2020,-247.4810278
7/6/2020,169.000598
7/7/2020,-3.91293562
7/8/2020,0.887393624
7/9/2020,205.9366568
7/10/2020,202.8338001
7/11/2020,-165.7229515
7/12/2020,166.5593938
7/13/2020,6.633903815
7/14/2020,50.38459612
7/15/2020,-19.63221135
7/16/2020,188.9354178
7/17/2020,305.8741157
7/18/2020,154.2730637
7/19/2020,176.688642
7/20/2020,255.07789
7/21/2020,173.7752687
7/22/2020,50.65276888
7/23/2020,86.35579081
7/24/2020,75.29804378
7/25/2020,-165.2707347
7/26/2020,156.6039113
7/27/2020,-40.56727678
7/28/2020,-44.63593238
7/29/2020,214.1631619
7/30/2020,-195.4365649
7/31/2020,50.28178048
8/1/2020,-267.8889523
8/2/2020,-117.1300787
8/3/2020,214.5841332
8/4/2020,-63.20917401
8/5/2020,-59.07340327
8/6/2020,233.0163706
8/7/2020,-202.8923408
8/8/2020,-164.3268576
8/9/2020,-30.63655687
8/10/2020,-238.0056053
8/11/2020,-197.9895838
8/12/2020,115.7471414
8/13/2020,220.8794856
8/14/2020,-86.6618026
8/15/2020,63.42727919
8/16/2020,-105.7180027
8/17/2020,187.4098158
8/18/2020,123.5183965
8/19/2020,209.1719943
8/20/2020,95.5740735
8/21/2020,-50.3411193
8/22/2020,-29.72762769
8/23/2020,-251.8905208
8/24/2020,262.8920112
8/25/2020,1.210229963
8/26/2020,306.479261
8/27/2020,102.3714064
8/28/2020,189.715521
8/29/2020,25.61944579
8/30/2020,-61.06240529
8/31/2020,145.9415702
9/1/2020,152.9575631
9/2/2020,86.7556935
9/3/2020,100.5492359
9/4/2020,12.54921291
9/5/2020,77.2975046
9/6/2020,13.16859439
9/7/2020,-115.9917523
9/8/2020,-96.69332395
9/9/2020,5.231508099
9/10/2020,298.6365626
9/11/2020,83.21213417
9/12/2020,12.3884595
9/13/2020,161.8976585
9/14/2020,274.0716346
9/15/2020,-47.56480972
9/16/2020,250.399522
9/17/2020,134.1043209
9/18/2020,37.38828206
9/19/2020,102.7408488
9/20/2020,49.18091788
9/21/2020,173.7514057
9/22/2020,91.99787444
9/23/2020,274.3816752
9/24/2020,264.0597475
9/25/2020,-145.2428783
9/26/2020,-82.81407031
9/27/2020,-26.10874305
9/28/2020,-31.26553075
9/29/2020,274.7703496
9/30/2020,192.0526914
10/1/2020,294.9878807
10/2/2020,170.8530399
10/3/2020,32.91221519
10/4/2020,-31.54350335
10/5/2020,67.76227027
10/6/2020,196.1123877
10/7/2020,-129.8267481
10/8/2020,-68.72579974
10/9/2020,-79.68186952
10/10/2020,182.2680255
10/11/2020,-108.3529302
10/12/2020,-113.5144302
10/13/2020,37.83169353
10/14/2020,-10.22380146
10/15/2020,-201.2443004
10/16/2020,241.3167155
10/17/2020,-217.3171357
10/18/2020,-301.3681011
10/19/2020,118.063503
10/20/2020,105.8876656
10/21/2020,108.0515741
10/22/2020,152.1472875
10/23/2020,-42.97494997
10/24/2020,199.1325524
10/25/2020,109.1985737
10/26/2020,14.12895905
10/27/2020,98.8867735
10/28/2020,-63.14630911
10/29/2020,-169.9060059
10/30/2020,144.4462163
10/31/2020,-12.89100371
11/1/2020,-37.12090334
11/2/2020,22.67440231
11/3/2020,104.8453561
11/4/2020,13.63197992
11/5/2020,20.02731855
11/6/2020,-60.81172963
11/7/2020,73.29581699
11/8/2020,-195.7881484
11/9/2020,210.6039485
11/10/2020,27.48195231
11/11/2020,-12.04160513
11/12/2020,-459.8149911
11/13/2020,132.4539348
11/14/2020,-226.9623969
11/15/2020,-178.118415
11/16/2020,-84.00222491
11/17/2020,-159.9329223
11/18/2020,248.5613285
11/19/2020,158.241747
11/20/2020,-39.18362673
11/21/2020,-188.3731071
11/22/2020,-272.2841329
11/23/2020,5.255193573
11/24/2020,-176.5932834
11/25/2020,-84.11774045
11/26/2020,24.98921427
11/27/2020,-184.2021994
11/28/2020,180.2110922
11/29/2020,-110.0902083
11/30/2020,-319.740633
12/1/2020,77.7633162
12/2/2020,24.14332501
12/3/2020,-50.08675051
12/4/2020,-71.23971922
12/5/2020,-100.6922311
12/6/2020,-50.80108931
12/7/2020,-191.7171476
12/8/2020,87.02555903
12/9/2020,42.41972097
12/10/2020,115.185413
12/11/2020,42.42597843
12/12/2020,118.2376903
12/13/2020,154.1716399
12/14/2020,237.687076
12/15/2020,255.460189
12/16/2020,-149.0603684
12/17/2020,226.6183047
12/18/2020,-182.285381
12/19/2020,-157.4741786
12/20/2020,101.8947636
12/21/2020,-221.8706213
12/22/2020,91.98308283
12/23/2020,-211.501396
12/24/2020,-224.8848989
12/25/2020,18.55477048
12/26/2020,-222.9535039
12/27/2020,-59.96771241
12/28/2020,-279.9325426
12/29/2020,163.6025585
12/30/2020,-309.7533353
12/31/2020,-406.6305791
1/1/2021,-375.7849392
1/2/2021,-8.902373132
1/3/2021,-292.7596623
1/4/2021,-56.70955268
1/5/2021,-212.3201024
1/6/2021,-202.7986893
1/7/2021,-4.276711428
1/8/2021,-212.418586
1/9/2021,-171.319137
1/10/2021,51.83200009
1/11/2021,-274.6381332
1/12/2021,-257.4715338
1/13/2021,48.08943608
1/14/2021,-124.4500715
1/15/2021,187.4419353
1/16/2021,143.7016208
1/17/2021,-24.2318761
1/18/2021,61.30215703
1/19/2021,85.03212434
1/20/2021,77.41584234
1/21/2021,-196.4418423
1/22/2021,21.06993029
1/23/2021,-19.84035237
1/24/2021,121.2448419
1/25/2021,211.957909
1/26/2021,119.7738556
1/27/2021,-188.0107321
1/28/2021,-3.833604815
1/29/2021,-37.08842488
1/30/2021,-101.8452203
1/31/2021,-375.0464429
2/1/2021,-74.33312739
2/2/2021,-134.9644195
2/3/2021,-21.49552288
2/4/2021,-113.407706
2/5/2021,-208.1863649
2/6/2021,-45.22940703
2/7/2021,7.40837756
2/8/2021,202.2823454
2/9/2021,197.500895
2/10/2021,190.9454882
2/11/2021,117.8437801
2/12/2021,-220.6114297
2/13/2021,-270.8597672
2/14/2021,-211.315277
2/15/2021,-212.9721219
2/16/2021,200.6100878
2/17/2021,200.6136706
2/18/2021,199.0230046
2/19/2021,62.17108919
2/20/2021,95.31346626
2/21/2021,-361.088316
2/22/2021,136.0232934
2/23/2021,-2.865744171
2/24/2021,-167.637274
2/25/2021,-211.9205211
2/26/2021,-161.6567329
2/27/2021,-94.06436247
2/28/2021,139.699328
3/1/2021,42.67441164
3/2/2021,271.607018
3/3/2021,-129.1213212
3/4/2021,-137.8648349
3/5/2021,-36.60399915
3/6/2021,108.1061673
3/7/2021,-65.0712547
3/8/2021,-175.2355701
3/9/2021,-165.4509773
3/10/2021,-61.19479745
3/11/2021,249.2694921
3/12/2021,134.0226646
3/13/2021,-135.4755482
3/14/2021,-92.38899173
3/15/2021,-79.72127575
3/16/2021,-123.8787112
3/17/2021,312.385527
3/18/2021,326.6539057
3/19/2021,310.8732406
3/20/2021,159.3109483
3/21/2021,186.6833843
3/22/2021,264.9242938
3/23/2021,64.43152675
3/24/2021,-33.78309329
3/25/2021,175.6284217
3/26/2021,-123.7284307
3/27/2021,-54.50174676
3/28/2021,94.91213763
3/29/2021,-55.17777887
3/30/2021,143.3166859
3/31/2021,20.66787523
4/1/2021,94.60629579
4/2/2021,-165.6942255
4/3/2021,-18.96051712
4/4/2021,2.913291764
4/5/2021,114.0913199
4/6/2021,249.6505711
4/7/2021,230.3358453
4/8/2021,30.32966772
4/9/2021,-124.3228992
4/10/2021,-228.9727274
4/11/2021,132.9341533
4/12/2021,39.7274312
4/13/2021,275.0019384
4/14/2021,193.9635622
4/15/2021,91.41028213
4/16/2021,191.9174978
4/17/2021,40.57715302
4/18/2021,-124.8902854
4/19/2021,179.5962049
4/20/2021,197.2297892
4/21/2021,6.98510956
4/22/2021,124.2348413
4/23/2021,13.94698835
4/24/2021,146.6680481
4/25/2021,185.9586463
4/26/2021,-156.2995586
4/27/2021,247.317997
4/28/2021,262.8792174
4/29/2021,188.9511936
4/30/2021,307.9523542
5/1/2021,9.244233708
5/2/2021,182.8570198
5/3/2021,1.272064939
5/4/2021,238.1114813
5/5/2021,258.6293452
5/6/2021,156.9281834
5/7/2021,-52.82778856
5/8/2021,298.0442339
5/9/2021,-151.9139204
5/10/2021,45.32912441
5/11/2021,272.7517311
5/12/2021,173.7570034
5/13/2021,10.02112493
5/14/2021,-41.68412614
5/15/2021,-82.88079746
5/16/2021,-140.0179625
5/17/2021,174.5150392
5/18/2021,94.38048746
5/19/2021,88.19299314
5/20/2021,392.5288258
5/21/2021,91.60745786
5/22/2021,-68.9320449
5/23/2021,56.05599024
5/24/2021,43.73038894
5/25/2021,276.4524514
5/26/2021,191.0968863
5/27/2021,105.8289332
5/28/2021,411.3243141
5/29/2021,68.8025003
5/30/2021,-7.267822942
5/31/2021,190.583005
6/1/2021,315.7308181
6/2/2021,25.96787995
6/3/2021,-84.79934606
6/4/2021,349.6926742
6/5/2021,-88.0371885
6/6/2021,245.1969362
6/7/2021,137.5391254
6/8/2021,-84.3940726
6/9/2021,284.1671136
6/10/2021,92.65508853
6/11/2021,285.9507417
6/12/2021,87.88710367
6/13/2021,152.7283801
6/14/2021,-7.891272853
6/15/2021,147.8502533
6/16/2021,271.6563629
6/17/2021,88.03400241
6/18/2021,386.9282539
6/19/2021,325.6687095
6/20/2021,136.1718399
6/21/2021,198.6148304
6/22/2021,118.1989338
6/23/2021,318.4233347
6/24/2021,117.6760887
6/25/2021,7.287961064
6/26/2021,165.5826423
6/27/2021,-193.5326696
6/28/2021,205.2334602
6/29/2021,228.0756786
6/30/2021,260.1134081
7/1/2021,-36.74893918
7/2/2021,326.0998837
7/3/2021,22.70017046
7/4/2021,154.4743139
7/5/2021,170.7871942
7/6/2021,179.1144463
7/7/2021,-94.7534982
7/8/2021,235.8156179
7/9/2021,-84.0676382
7/10/2021,-146.0732408
7/11/2021,-108.2943719
7/12/2021,10.06301817
7/13/2021,117.5462855
7/14/2021,212.4047811
7/15/2021,209.83152
7/16/2021,-89.94448913
7/17/2021,-135.8296369
7/18/2021,88.4816804
7/19/2021,59.80989737
7/20/2021,194.6843972
7/21/2021,-185.3500402
7/22/2021,-98.24219376
7/23/2021,98.20934514
7/24/2021,-177.9858605
7/25/2021,-124.6791385
7/26/2021,-170.6817461
7/27/2021,268.5296919
7/28/2021,136.7606244
7/29/2021,120.7597743
7/30/2021,259.4382499
7/31/2021,231.5186253
8/1/2021,178.6985161
8/2/2021,-121.4623404
8/3/2021,-102.3470834
8/4/2021,-84.12716109
8/5/2021,12.27480994
8/6/2021,184.2891299
8/7/2021,152.5848116
8/8/2021,94.80934933
8/9/2021,73.62611763
8/10/2021,161.8377199
8/11/2021,243.3618394
8/12/2021,257.4824684
8/13/2021,69.76190032
8/14/2021,-188.0408
8/15/2021,-169.3298246
8/16/2021,46.65470286
8/17/2021,176.9599414
8/18/2021,74.22520634
8/19/2021,266.1142224
8/20/2021,158.4651966
8/21/2021,78.02647057
8/22/2021,-56.80455037
8/23/2021,-152.4914081
8/24/2021,240.17385
8/25/2021,241.5073491
8/26/2021,32.49348435
8/27/2021,236.5580108
8/28/2021,11.67200012
8/29/2021,-158.6149272
8/30/2021,48.28814297
8/31/2021,-58.14087989
9/1/2021,-136.0411394
9/2/2021,64.17176636
9/3/2021,174.8859374
9/4/2021,-160.3027818
9/5/2021,181.7712739
9/6/2021,259.3024206
9/7/2021,238.7476349
9/8/2021,55.36737784
9/9/2021,-166.3480765
9/10/2021,248.89796
9/11/2021,-133.5095467
9/12/2021,99.1593821
9/13/2021,220.507783
9/14/2021,178.1880359
9/15/2021,186.4367309
9/16/2021,180.9349968
9/17/2021,-23.79810447
9/18/2021,-155.4252779
9/19/2021,-65.46474528
9/20/2021,224.5696164
9/21/2021,-121.9040381
9/22/2021,9.788497955
9/23/2021,25.09044289
9/24/2021,-93.33086911
9/25/2021,-44.22571658
9/26/2021,206.4907846
9/27/2021,187.8588302
9/28/2021,221.381328
9/29/2021,31.99670297
9/30/2021,307.5794062
10/1/2021,213.5047519
10/2/2021,60.77902434
10/3/2021,67.23853973
10/4/2021,147.2517184
10/5/2021,42.94868974
10/6/2021,-44.28168198
10/7/2021,-122.2367395
10/8/2021,190.2713132
10/9/2021,-146.2037329
10/10/2021,-101.8501017
10/11/2021,188.8334762
10/12/2021,-17.37712502
10/13/2021,75.97824119
10/14/2021,175.0908947
10/15/2021,171.8682704
10/16/2021,38.38468504
10/17/2021,82.17397666
10/18/2021,50.44327226
10/19/2021,190.2689479
10/20/2021,-99.55322978
10/21/2021,-101.4731721
10/22/2021,192.845963
10/23/2021,-62.35653165
10/24/2021,-66.52367598
10/25/2021,5.896703483
10/26/2021,-150.5790225
10/27/2021,180.6041252
10/28/2021,267.6039076
10/29/2021,-129.3118693
10/30/2021,222.963989
10/31/2021,-258.7752331
11/1/2021,13.90545112
11/2/2021,34.02101481
11/3/2021,188.933434
11/4/2021,316.3621669
11/5/2021,25.14704208
11/6/2021,194.3387653
11/7/2021,11.81060229
11/8/2021,107.4045059
11/9/2021,323.4839948
11/10/2021,221.7670825
11/11/2021,323.1237892
11/12/2021,218.4488285
11/13/2021,265.8850546
11/14/2021,-105.65431
11/15/2021,-102.7866388
11/16/2021,220.7900242
11/17/2021,324.7152303
11/18/2021,222.4890983
11/19/2021,123.2402928
11/20/2021,155.2659732
11/21/2021,89.72032694
11/22/2021,304.2149073
11/23/2021,-91.00307505
11/24/2021,113.3741273
11/25/2021,212.5268063
11/26/2021,183.6239421
11/27/2021,-157.3769828
11/28/2021,144.1918152
11/29/2021,45.35103399
11/30/2021,24.03792611
12/1/2021,91.18821609
12/2/2021,60.79795518
12/3/2021,-157.782648
12/4/2021,-24.48495873
12/5/2021,-302.9623518
12/6/2021,84.3208963
12/7/2021,-0.340414474
12/8/2021,159.1444622
12/9/2021,124.3891083
12/10/2021,-169.5469139
12/11/2021,-111.8483736
12/12/2021,-172.9319383
12/13/2021,-73.70000821
12/14/2021,237.6413654
12/15/2021,26.25717321
12/16/2021,141.4580798
12/17/2021,-39.8141574
12/18/2021,-169.2850215
12/19/2021,-175.6927484
12/20/2021,-75.23915487
12/21/2021,164.2186995
12/22/2021,59.4870528
12/23/2021,-177.7350562
12/24/2021,-85.54256003
12/25/2021,-376.1173517
12/26/2021,-153.1497867
12/27/2021,118.3728242
12/28/2021,122.2388928
12/29/2021,118.9586108
12/30/2021,-48.39255551
12/31/2021,-90.73584794
1/1/2022,-353.1179711
1/2/2022,-23.9789895
1/3/2022,-88.8915277
1/4/2022,-132.1182752
1/5/2022,191.7369395
1/6/2022,-114.3750178
1/7/2022,83.68049554
1/8/2022,-138.0897487
1/9/2022,-80.8925512
1/10/2022,-190.1223715
1/11/2022,115.0376094
1/12/2022,-99.17869738
1/13/2022,-15.25208915
1/14/2022,60.64233044
1/15/2022,-189.0275237
1/16/2022,-141.3359719
1/17/2022,-163.7400214
1/18/2022,-148.6402414
1/19/2022,-125.5231142
1/20/2022,-10.16789944
1/21/2022,198.9799826
1/22/2022,-17.94177846
1/23/2022,-165.8020879
1/24/2022,21.39545138
1/25/2022,-61.89189121
1/26/2022,142.0781433
1/27/2022,74.02674791
1/28/2022,86.96762325
1/29/2022,-55.41429355
1/30/2022,77.76477837
1/31/2022,228.705891
2/1/2022,175.3761083
2/2/2022,27.02084781
2/3/2022,32.2344205
2/4/2022,242.3831015
2/5/2022,-108.7537924
2/6/2022,-171.5140374
2/7/2022,-166.0918122
2/8/2022,-28.27331254
2/9/2022,-131.9363607
2/10/2022,-37.40216489
2/11/2022,59.87136348
2/12/2022,-85.27112694
2/13/2022,-42.28536424
2/14/2022,-47.30947322
2/15/2022,283.1345253
2/16/2022,175.2037712
2/17/2022,167.6737531
2/18/2022,274.1579461
2/19/2022,136.2052118
2/20/2022,68.427806
2/21/2022,-135.7095567
2/22/2022,268.221263
2/23/2022,50.37125916
2/24/2022,163.3883288
2/25/2022,6.972529264
2/26/2022,95.03918698
2/27/2022,-164.0221142
2/28/2022,-150.0504429
3/1/2022,-120.5336635
3/2/2022,90.61048057
3/3/2022,-91.10083418
3/4/2022,-93.77248187
3/5/2022,-145.6144009
3/6/2022,-13.16271242
3/7/2022,185.16097
3/8/2022,-80.7068306
3/9/2022,199.0441583
3/10/2022,-1.426036104
3/11/2022,219.3758017
3/12/2022,284.432952
3/13/2022,98.12794173
3/14/2022,112.8624694
3/15/2022,148.3037225
3/16/2022,254.7121826
3/17/2022,273.3236173
3/18/2022,79.25354926
3/19/2022,-81.29984882
3/20/2022,22.55290177
3/21/2022,253.1688193
3/22/2022,188.4526021
3/23/2022,309.5089943
3/24/2022,-0.352203516
3/25/2022,192.0845036
3/26/2022,40.69174775
3/27/2022,-143.1936968
3/28/2022,260.7760906
3/29/2022,199.8365876
3/30/2022,394.4604775
3/31/2022,297.9356471
4/1/2022,276.5240893
4/2/2022,197.4850376
4/3/2022,106.5951434
4/4/2022,119.4397707
4/5/2022,-118.3938443
4/6/2022,288.2572345
4/7/2022,19.69406905
4/8/2022,204.7155765
4/9/2022,-178.2733512
4/10/2022,-220.3208859
4/11/2022,-116.3536438
4/12/2022,106.4359151
4/13/2022,71.77306543
4/14/2022,-288.2166136
4/15/2022,-333.7415361
4/16/2022,-77.75586061
4/17/2022,-280.6732834
4/18/2022,94.85527804
4/19/2022,336.4038021
4/20/2022,-54.24766635
4/21/2022,269.4394646
4/22/2022,280.7073674
4/23/2022,18.94247522
4/24/2022,261.4314888
4/25/2022,270.0751411
4/26/2022,-6.812963135
4/27/2022,297.6005741
4/28/2022,3.799947022
4/29/2022,108.6207453
4/30/2022,36.77212786
5/1/2022,-67.03466959
5/2/2022,33.93845862
5/3/2022,210.5421687
5/4/2022,258.404727
5/5/2022,16.97855457
5/6/2022,313.1492645
5/7/2022,-40.67680856
5/8/2022,282.5725985
5/9/2022,218.7981067
5/10/2022,277.6510801
5/11/2022,123.390756
5/12/2022,239.7884272
5/13/2022,46.72472222
5/14/2022,-5.622649195
5/15/2022,169.1225586
5/16/2022,342.3332961
5/17/2022,-43.70338355
5/18/2022,348.6542316
5/19/2022,141.2803205
5/20/2022,126.0430722
5/21/2022,-36.37140386
5/22/2022,111.8974861
5/23/2022,28.94059818
5/24/2022,-15.73167113
5/25/2022,196.4200422
5/26/2022,296.4155061
5/27/2022,291.1545357
5/28/2022,-108.3951649
5/29/2022,231.2363094
5/30/2022,369.3606528
5/31/2022,-31.92414734
6/1/2022,-61.80529185
6/2/2022,68.40034194
6/3/2022,207.6364421
6/4/2022,-44.89125231
6/5/2022,75.4315477
6/6/2022,290.841617
6/7/2022,416.6460833
6/8/2022,208.1845224
6/9/2022,113.9903299
6/10/2022,128.6972202
6/11/2022,-39.75059588
6/12/2022,261.5588322
6/13/2022,-3.380041662
6/14/2022,203.2869803
6/15/2022,184.1538052
6/16/2022,301.3800441
6/17/2022,423.234976
6/18/2022,-46.15674896
6/19/2022,154.4810741
6/20/2022,69.64771013
6/21/2022,190.2804241
6/22/2022,190.8582084
6/23/2022,-53.91851234
6/24/2022,252.9327064
6/25/2022,310.4481503
6/26/2022,-175.9998208
6/27/2022,13.47590601
6/28/2022,125.3091587
6/29/2022,336.8953573
6/30/2022,343.4414416
